"OTU","p.value","adj.p.value"
"ASV1",1,1
"ASV1000",1,1
"ASV1001",1,1
"ASV1002",1,1
"ASV1003",1,1
"ASV1004",1,1
"ASV1006",1,1
"ASV1007",1,1
"ASV1008",1,1
"ASV1009",1,1
"ASV1010",1,1
"ASV1012",1,1
"ASV1013",1,1
"ASV1016",NA,NA
"ASV1017",NA,NA
"ASV1018",NA,NA
"ASV1019",1,1
"ASV102",1,1
"ASV1020",1,1
"ASV1024",1,1
"ASV1025",1,1
"ASV1026",1,1
"ASV1027",1,1
"ASV1028",1,1
"ASV1029",1,1
"ASV103",1,1
"ASV1030",1,1
"ASV1031",1,1
"ASV1032",1,1
"ASV1033",NA,NA
"ASV1034",1,1
"ASV1035",1,1
"ASV1036",1,1
"ASV1037",1,1
"ASV104",1,1
"ASV1040",1,1
"ASV1041",1,1
"ASV1043",1,1
"ASV1044",1,1
"ASV1046",1,1
"ASV1047",1,1
"ASV1048",1,1
"ASV1049",1,1
"ASV105",NA,NA
"ASV1051",1,1
"ASV1052",1,1
"ASV1053",1,1
"ASV1054",1,1
"ASV1055",1,1
"ASV1056",1,1
"ASV1057",1,1
"ASV1059",NA,NA
"ASV106",1,1
"ASV1061",1,1
"ASV1062",1,1
"ASV1063",NA,NA
"ASV1064",1,1
"ASV1065",1,1
"ASV1068",1,1
"ASV1069",1,1
"ASV107",1,1
"ASV1070",NA,NA
"ASV1073",1,1
"ASV1075",NA,NA
"ASV1079",1,1
"ASV108",1,1
"ASV1080",1,1
"ASV1081",1,1
"ASV1083",1,1
"ASV1084",1,1
"ASV1085",1,1
"ASV1086",1,1
"ASV1087",1,1
"ASV1089",NA,NA
"ASV109",NA,NA
"ASV1090",1,1
"ASV1091",1,1
"ASV1092",NA,NA
"ASV1093",1,1
"ASV1097",1,1
"ASV1098",1,1
"ASV1099",1,1
"ASV110",1,1
"ASV1100",1,1
"ASV1101",1,1
"ASV1104",1,1
"ASV1105",1,1
"ASV1106",1,1
"ASV1108",1,1
"ASV1109",1,1
"ASV111",1,1
"ASV1110",1,1
"ASV1111",1,1
"ASV1112",1,1
"ASV1113",1,1
"ASV1115",NA,NA
"ASV1118",NA,NA
"ASV1119",1,1
"ASV112",1,1
"ASV1120",1,1
"ASV1121",1,1
"ASV1122",1,1
"ASV1123",1,1
"ASV1124",1,1
"ASV1125",NA,NA
"ASV1126",1,1
"ASV1127",1,1
"ASV1128",1,1
"ASV1130",1,1
"ASV1131",1,1
"ASV1132",1,1
"ASV1133",1,1
"ASV1136",1,1
"ASV1138",1,1
"ASV1139",1,1
"ASV114",NA,NA
"ASV1140",1,1
"ASV1141",1,1
"ASV1143",1,1
"ASV1144",1,1
"ASV1145",1,1
"ASV1146",NA,NA
"ASV1148",NA,NA
"ASV1149",1,1
"ASV115",1,1
"ASV1150",1,1
"ASV1152",1,1
"ASV1153",1,1
"ASV1154",1,1
"ASV1155",1,1
"ASV1156",1,1
"ASV1157",1,1
"ASV1158",1,1
"ASV1159",1,1
"ASV116",1,1
"ASV1160",1,1
"ASV1161",1,1
"ASV1163",1,1
"ASV1165",1,1
"ASV1166",1,1
"ASV1167",1,1
"ASV1168",NA,NA
"ASV117",1,1
"ASV1170",1,1
"ASV1171",1,1
"ASV1172",1,1
"ASV1173",1,1
"ASV1174",1,1
"ASV1176",1,1
"ASV1180",1,1
"ASV1181",1,1
"ASV1182",1,1
"ASV1183",1,1
"ASV1184",1,1
"ASV1186",1,1
"ASV1187",1,1
"ASV1188",1,1
"ASV1189",1,1
"ASV119",1,1
"ASV1190",1,1
"ASV1191",1,1
"ASV1192",1,1
"ASV1195",1,1
"ASV1196",NA,NA
"ASV1197",1,1
"ASV1198",NA,NA
"ASV1199",1,1
"ASV1200",1,1
"ASV1201",1,1
"ASV1202",1,1
"ASV1203",1,1
"ASV1206",1,1
"ASV1207",1,1
"ASV1208",1,1
"ASV1209",1,1
"ASV121",1,1
"ASV1210",1,1
"ASV1211",1,1
"ASV1212",1,1
"ASV1213",1,1
"ASV1214",1,1
"ASV1215",1,1
"ASV1216",1,1
"ASV1217",1,1
"ASV1218",1,1
"ASV1219",1,1
"ASV122",1,1
"ASV1220",1,1
"ASV1221",1,1
"ASV1222",1,1
"ASV1223",1,1
"ASV1225",1,1
"ASV1226",1,1
"ASV1227",1,1
"ASV1228",NA,NA
"ASV123",1,1
"ASV1230",NA,NA
"ASV1232",1,1
"ASV1233",1,1
"ASV1234",1,1
"ASV1235",1,1
"ASV1236",1,1
"ASV1237",1,1
"ASV1238",1,1
"ASV1239",NA,NA
"ASV124",NA,NA
"ASV1240",NA,NA
"ASV1241",1,1
"ASV1243",1,1
"ASV1244",1,1
"ASV1245",1,1
"ASV1246",1,1
"ASV1247",1,1
"ASV1248",1,1
"ASV1249",1,1
"ASV125",1,1
"ASV1250",1,1
"ASV1252",NA,NA
"ASV1253",1,1
"ASV1254",1,1
"ASV1255",1,1
"ASV1256",1,1
"ASV1258",1,1
"ASV1259",1,1
"ASV126",1,1
"ASV1260",1,1
"ASV1261",1,1
"ASV1262",1,1
"ASV1263",1,1
"ASV1265",1,1
"ASV1266",NA,NA
"ASV1267",1,1
"ASV1268",1,1
"ASV1269",1,1
"ASV127",1,1
"ASV1270",NA,NA
"ASV1271",1,1
"ASV1272",1,1
"ASV1273",1,1
"ASV1274",1,1
"ASV1275",1,1
"ASV1276",1,1
"ASV1277",1,1
"ASV1278",1,1
"ASV128",1,1
"ASV1281",1,1
"ASV1283",1,1
"ASV1284",1,1
"ASV1285",1,1
"ASV1286",1,1
"ASV1287",1,1
"ASV1288",1,1
"ASV1289",1,1
"ASV129",1,1
"ASV1290",1,1
"ASV1291",1,1
"ASV1292",1,1
"ASV1293",1,1
"ASV1294",1,1
"ASV1295",1,1
"ASV1296",1,1
"ASV1297",1,1
"ASV1298",1,1
"ASV1299",1,1
"ASV130",1,1
"ASV1300",1,1
"ASV1301",1,1
"ASV1302",1,1
"ASV1304",1,1
"ASV1306",1,1
"ASV1307",1,1
"ASV1308",1,1
"ASV1309",1,1
"ASV131",1,1
"ASV1310",1,1
"ASV1311",1,1
"ASV1312",1,1
"ASV1314",1,1
"ASV1315",1,1
"ASV1316",1,1
"ASV1317",NA,NA
"ASV1318",1,1
"ASV1319",1,1
"ASV132",1,1
"ASV1320",1,1
"ASV1321",1,1
"ASV1323",1,1
"ASV1324",NA,NA
"ASV1325",1,1
"ASV1326",1,1
"ASV1328",NA,NA
"ASV1329",1,1
"ASV133",1,1
"ASV1330",1,1
"ASV1331",1,1
"ASV1332",NA,NA
"ASV1333",1,1
"ASV1335",1,1
"ASV1336",1,1
"ASV1337",1,1
"ASV1338",1,1
"ASV1339",1,1
"ASV134",1,1
"ASV1340",NA,NA
"ASV1341",1,1
"ASV1342",1,1
"ASV1343",1,1
"ASV1345",1,1
"ASV1346",NA,NA
"ASV1347",1,1
"ASV1348",NA,NA
"ASV1349",1,1
"ASV1350",1,1
"ASV1351",1,1
"ASV1352",NA,NA
"ASV1353",1,1
"ASV1354",1,1
"ASV1355",1,1
"ASV1356",1,1
"ASV1357",1,1
"ASV1358",1,1
"ASV1359",1,1
"ASV136",1,1
"ASV1360",1,1
"ASV1361",1,1
"ASV1362",1,1
"ASV1363",1,1
"ASV1364",1,1
"ASV1366",1,1
"ASV1367",1,1
"ASV1368",NA,NA
"ASV1371",1,1
"ASV1373",1,1
"ASV1374",1,1
"ASV1375",NA,NA
"ASV1378",1,1
"ASV1379",1,1
"ASV138",1,1
"ASV1380",1,1
"ASV1381",1,1
"ASV1382",1,1
"ASV1384",1,1
"ASV1385",1,1
"ASV1386",1,1
"ASV1387",1,1
"ASV1388",1,1
"ASV1389",1,1
"ASV1391",1,1
"ASV1392",1,1
"ASV1393",1,1
"ASV1395",1,1
"ASV1396",1,1
"ASV1399",1,1
"ASV14",NA,NA
"ASV140",1,1
"ASV1401",1,1
"ASV1402",NA,NA
"ASV1403",1,1
"ASV1404",1,1
"ASV1406",NA,NA
"ASV1407",1,1
"ASV1408",1,1
"ASV1409",1,1
"ASV1410",1,1
"ASV1412",1,1
"ASV1413",1,1
"ASV1414",1,1
"ASV1415",NA,NA
"ASV1416",1,1
"ASV1418",NA,NA
"ASV142",1,1
"ASV1420",1,1
"ASV1421",1,1
"ASV1422",1,1
"ASV1423",1,1
"ASV1425",1,1
"ASV1426",1,1
"ASV1427",1,1
"ASV1428",1,1
"ASV1429",1,1
"ASV1430",1,1
"ASV1431",1,1
"ASV1432",1,1
"ASV1433",1,1
"ASV1434",1,1
"ASV1435",1,1
"ASV1436",1,1
"ASV1437",1,1
"ASV144",1,1
"ASV1440",1,1
"ASV1441",NA,NA
"ASV1442",1,1
"ASV1443",1,1
"ASV1446",1,1
"ASV1447",NA,NA
"ASV1448",NA,NA
"ASV1449",1,1
"ASV145",1,1
"ASV1450",1,1
"ASV1451",1,1
"ASV1453",1,1
"ASV1454",1,1
"ASV1455",1,1
"ASV1456",1,1
"ASV1457",1,1
"ASV1458",1,1
"ASV1459",1,1
"ASV146",1,1
"ASV1460",1,1
"ASV1461",1,1
"ASV1463",1,1
"ASV1464",1,1
"ASV1466",1,1
"ASV1467",1,1
"ASV1468",1,1
"ASV1469",NA,NA
"ASV1470",1,1
"ASV1471",1,1
"ASV1472",1,1
"ASV1473",1,1
"ASV1474",1,1
"ASV1475",1,1
"ASV1476",1,1
"ASV1477",1,1
"ASV1478",NA,NA
"ASV1479",1,1
"ASV148",1,1
"ASV1480",1,1
"ASV1481",1,1
"ASV1482",1,1
"ASV1483",1,1
"ASV1484",1,1
"ASV1485",NA,NA
"ASV1486",1,1
"ASV1487",1,1
"ASV1488",1,1
"ASV1489",1,1
"ASV149",1,1
"ASV1490",NA,NA
"ASV1491",1,1
"ASV1492",1,1
"ASV1493",1,1
"ASV1494",1,1
"ASV1495",NA,NA
"ASV1496",1,1
"ASV1497",1,1
"ASV1499",NA,NA
"ASV15",1,1
"ASV150",1,1
"ASV1500",1,1
"ASV1501",1,1
"ASV1502",1,1
"ASV1503",1,1
"ASV1504",1,1
"ASV1505",1,1
"ASV1506",1,1
"ASV1507",1,1
"ASV1508",1,1
"ASV151",1,1
"ASV1510",1,1
"ASV1511",1,1
"ASV1512",1,1
"ASV1515",1,1
"ASV152",1,1
"ASV1520",1,1
"ASV1521",1,1
"ASV1522",1,1
"ASV1523",1,1
"ASV1524",1,1
"ASV1526",1,1
"ASV1527",1,1
"ASV1528",1,1
"ASV1529",1,1
"ASV153",1,1
"ASV1530",1,1
"ASV1531",1,1
"ASV1532",1,1
"ASV1534",NA,NA
"ASV1537",1,1
"ASV1538",1,1
"ASV1539",NA,NA
"ASV154",NA,NA
"ASV1540",1,1
"ASV1541",1,1
"ASV1543",NA,NA
"ASV1544",1,1
"ASV1547",1,1
"ASV1548",1,1
"ASV1550",1,1
"ASV1551",1,1
"ASV1552",1,1
"ASV1553",NA,NA
"ASV1554",1,1
"ASV1555",1,1
"ASV1558",1,1
"ASV1559",1,1
"ASV156",1,1
"ASV1560",1,1
"ASV1561",1,1
"ASV1563",1,1
"ASV1565",1,1
"ASV1566",1,1
"ASV1568",1,1
"ASV1569",1,1
"ASV157",1,1
"ASV1570",1,1
"ASV1571",1,1
"ASV1572",1,1
"ASV1573",1,1
"ASV1575",1,1
"ASV1576",1,1
"ASV1579",1,1
"ASV158",1,1
"ASV1580",1,1
"ASV1581",1,1
"ASV1582",1,1
"ASV1583",1,1
"ASV1584",1,1
"ASV1585",1,1
"ASV1586",1,1
"ASV1587",1,1
"ASV1588",1,1
"ASV1589",NA,NA
"ASV159",1,1
"ASV1590",1,1
"ASV1592",1,1
"ASV1593",1,1
"ASV1594",1,1
"ASV1595",1,1
"ASV1596",1,1
"ASV1597",1,1
"ASV1598",NA,NA
"ASV1599",1,1
"ASV160",1,1
"ASV1600",1,1
"ASV1601",1,1
"ASV1602",1,1
"ASV1603",1,1
"ASV1604",NA,NA
"ASV1605",1,1
"ASV1607",1,1
"ASV1608",NA,NA
"ASV1609",NA,NA
"ASV161",1,1
"ASV1610",1,1
"ASV1611",NA,NA
"ASV1612",1,1
"ASV1614",1,1
"ASV1615",1,1
"ASV1616",1,1
"ASV1617",1,1
"ASV1618",1,1
"ASV162",1,1
"ASV1620",1,1
"ASV1621",1,1
"ASV1622",1,1
"ASV1624",NA,NA
"ASV1625",1,1
"ASV1626",1,1
"ASV1627",1,1
"ASV1628",1,1
"ASV1629",1,1
"ASV163",1,1
"ASV1630",1,1
"ASV1633",1,1
"ASV1634",1,1
"ASV1635",1,1
"ASV1636",1,1
"ASV1637",1,1
"ASV1639",1,1
"ASV1640",1,1
"ASV1641",1,1
"ASV1642",1,1
"ASV1643",1,1
"ASV1644",1,1
"ASV1646",NA,NA
"ASV1647",1,1
"ASV1648",1,1
"ASV1649",1,1
"ASV165",1,1
"ASV1650",1,1
"ASV1651",1,1
"ASV1652",1,1
"ASV1653",1,1
"ASV1654",1,1
"ASV1655",1,1
"ASV1657",NA,NA
"ASV1658",1,1
"ASV1659",1,1
"ASV166",1,1
"ASV1660",1,1
"ASV1661",1,1
"ASV1662",1,1
"ASV1663",1,1
"ASV1664",1,1
"ASV1665",1,1
"ASV1666",1,1
"ASV1667",1,1
"ASV1668",1,1
"ASV1669",1,1
"ASV167",1,1
"ASV1670",1,1
"ASV1671",1,1
"ASV1672",1,1
"ASV1673",1,1
"ASV1674",1,1
"ASV1675",1,1
"ASV1676",1,1
"ASV1677",1,1
"ASV1678",1,1
"ASV168",1,1
"ASV1680",1,1
"ASV1681",1,1
"ASV1682",1,1
"ASV1683",1,1
"ASV1684",1,1
"ASV1685",1,1
"ASV1686",1,1
"ASV1687",1,1
"ASV1688",1,1
"ASV169",1,1
"ASV1691",1,1
"ASV1692",1,1
"ASV1693",NA,NA
"ASV1694",NA,NA
"ASV1695",NA,NA
"ASV1696",1,1
"ASV1697",1,1
"ASV1698",1,1
"ASV1699",1,1
"ASV17",1,1
"ASV170",1,1
"ASV1700",1,1
"ASV1702",1,1
"ASV1704",1,1
"ASV1705",1,1
"ASV1706",1,1
"ASV1707",1,1
"ASV1708",1,1
"ASV1710",1,1
"ASV1711",1,1
"ASV1712",1,1
"ASV1713",1,1
"ASV1714",1,1
"ASV1715",1,1
"ASV1716",1,1
"ASV1717",1,1
"ASV1718",1,1
"ASV172",1,1
"ASV1720",1,1
"ASV1721",1,1
"ASV1722",1,1
"ASV1723",1,1
"ASV1724",1,1
"ASV1725",1,1
"ASV1726",1,1
"ASV1727",1,1
"ASV1728",1,1
"ASV1729",1,1
"ASV173",1,1
"ASV1730",1,1
"ASV1731",1,1
"ASV1732",1,1
"ASV1733",1,1
"ASV1734",1,1
"ASV1735",1,1
"ASV1736",1,1
"ASV1737",1,1
"ASV1738",1,1
"ASV1739",1,1
"ASV174",1,1
"ASV1740",1,1
"ASV1741",1,1
"ASV1742",1,1
"ASV1743",1,1
"ASV1744",1,1
"ASV1745",1,1
"ASV1746",1,1
"ASV1748",1,1
"ASV1749",1,1
"ASV175",1,1
"ASV1751",1,1
"ASV1753",1,1
"ASV1755",1,1
"ASV1756",NA,NA
"ASV1757",1,1
"ASV1758",1,1
"ASV1760",1,1
"ASV1763",1,1
"ASV1764",1,1
"ASV1765",1,1
"ASV1766",1,1
"ASV1767",1,1
"ASV1768",1,1
"ASV1769",NA,NA
"ASV177",1,1
"ASV1770",1,1
"ASV1771",1,1
"ASV1772",1,1
"ASV1773",1,1
"ASV1775",1,1
"ASV1776",1,1
"ASV1778",1,1
"ASV1779",1,1
"ASV178",1,1
"ASV1780",1,1
"ASV1781",1,1
"ASV1782",1,1
"ASV1783",NA,NA
"ASV1784",1,1
"ASV1785",NA,NA
"ASV1786",1,1
"ASV1787",1,1
"ASV1788",1,1
"ASV1789",1,1
"ASV1790",1,1
"ASV1791",1,1
"ASV1792",1,1
"ASV1793",NA,NA
"ASV1794",1,1
"ASV1796",1,1
"ASV1797",1,1
"ASV1798",1,1
"ASV1799",1,1
"ASV1800",1,1
"ASV1801",1,1
"ASV1803",1,1
"ASV1804",1,1
"ASV1805",1,1
"ASV1806",1,1
"ASV1807",1,1
"ASV1808",1,1
"ASV1809",1,1
"ASV181",NA,NA
"ASV1810",1,1
"ASV1811",1,1
"ASV1812",1,1
"ASV1813",1,1
"ASV1814",1,1
"ASV1815",1,1
"ASV1816",1,1
"ASV1817",1,1
"ASV1818",1,1
"ASV1819",1,1
"ASV182",1,1
"ASV1820",1,1
"ASV1822",1,1
"ASV1824",1,1
"ASV1825",1,1
"ASV1827",1,1
"ASV1828",NA,NA
"ASV1829",1,1
"ASV1830",1,1
"ASV1831",1,1
"ASV1832",1,1
"ASV1833",1,1
"ASV1834",NA,NA
"ASV1835",1,1
"ASV1836",1,1
"ASV184",NA,NA
"ASV1840",1,1
"ASV1841",NA,NA
"ASV1842",1,1
"ASV1843",1,1
"ASV1847",1,1
"ASV1848",1,1
"ASV1849",1,1
"ASV1850",NA,NA
"ASV1851",NA,NA
"ASV1852",1,1
"ASV1854",1,1
"ASV1855",1,1
"ASV1856",1,1
"ASV1857",1,1
"ASV1858",1,1
"ASV1859",1,1
"ASV186",1,1
"ASV1860",1,1
"ASV1862",1,1
"ASV1863",1,1
"ASV1864",1,1
"ASV1865",1,1
"ASV1866",1,1
"ASV1867",1,1
"ASV1868",1,1
"ASV1869",1,1
"ASV187",NA,NA
"ASV1870",1,1
"ASV1871",1,1
"ASV1872",1,1
"ASV1873",1,1
"ASV1874",1,1
"ASV1875",1,1
"ASV1876",1,1
"ASV1877",1,1
"ASV1878",1,1
"ASV1879",1,1
"ASV1880",1,1
"ASV1881",1,1
"ASV1882",1,1
"ASV1883",1,1
"ASV1884",1,1
"ASV1885",NA,NA
"ASV1886",1,1
"ASV1887",1,1
"ASV1888",1,1
"ASV1889",1,1
"ASV1890",1,1
"ASV1891",1,1
"ASV1892",1,1
"ASV1893",1,1
"ASV1894",1,1
"ASV1895",NA,NA
"ASV1896",1,1
"ASV1897",1,1
"ASV1898",1,1
"ASV1899",1,1
"ASV190",1,1
"ASV1900",NA,NA
"ASV1901",1,1
"ASV1902",1,1
"ASV1906",1,1
"ASV1907",1,1
"ASV1908",1,1
"ASV1909",1,1
"ASV191",1,1
"ASV1910",1,1
"ASV1911",NA,NA
"ASV1912",NA,NA
"ASV1913",1,1
"ASV1914",1,1
"ASV1915",1,1
"ASV1916",1,1
"ASV1917",1,1
"ASV1919",1,1
"ASV192",1,1
"ASV1920",1,1
"ASV1921",1,1
"ASV1923",1,1
"ASV1924",1,1
"ASV1925",1,1
"ASV1926",1,1
"ASV1929",1,1
"ASV193",1,1
"ASV1930",1,1
"ASV1931",1,1
"ASV1932",1,1
"ASV1933",1,1
"ASV1934",NA,NA
"ASV1935",1,1
"ASV1936",NA,NA
"ASV1937",NA,NA
"ASV1938",NA,NA
"ASV1939",1,1
"ASV194",1,1
"ASV1940",1,1
"ASV1941",NA,NA
"ASV1942",1,1
"ASV1943",1,1
"ASV1944",1,1
"ASV1945",1,1
"ASV1946",1,1
"ASV1947",1,1
"ASV1948",1,1
"ASV1949",1,1
"ASV195",1,1
"ASV1950",1,1
"ASV1951",1,1
"ASV1952",1,1
"ASV1953",1,1
"ASV1954",1,1
"ASV1955",NA,NA
"ASV1956",NA,NA
"ASV1957",1,1
"ASV196",1,1
"ASV1961",1,1
"ASV1962",1,1
"ASV1963",1,1
"ASV1964",1,1
"ASV1965",1,1
"ASV1968",1,1
"ASV1969",1,1
"ASV197",1,1
"ASV1971",1,1
"ASV1973",1,1
"ASV1975",1,1
"ASV1976",1,1
"ASV1977",1,1
"ASV1978",1,1
"ASV1981",1,1
"ASV1982",1,1
"ASV1983",1,1
"ASV1984",1,1
"ASV1986",1,1
"ASV1987",1,1
"ASV1988",1,1
"ASV1989",NA,NA
"ASV1990",1,1
"ASV1991",1,1
"ASV1992",1,1
"ASV1993",1,1
"ASV1995",1,1
"ASV1997",1,1
"ASV1998",1,1
"ASV1999",1,1
"ASV2",1,1
"ASV20",1,1
"ASV200",1,1
"ASV2000",1,1
"ASV2001",1,1
"ASV2002",NA,NA
"ASV2003",1,1
"ASV2004",1,1
"ASV2005",1,1
"ASV2006",1,1
"ASV2007",NA,NA
"ASV2008",NA,NA
"ASV2009",1,1
"ASV201",1,1
"ASV2010",1,1
"ASV2011",1,1
"ASV2012",1,1
"ASV2014",1,1
"ASV2015",1,1
"ASV2016",1,1
"ASV2017",1,1
"ASV2018",1,1
"ASV2019",1,1
"ASV202",1,1
"ASV2020",1,1
"ASV2021",1,1
"ASV2025",1,1
"ASV2026",1,1
"ASV2027",1,1
"ASV2028",1,1
"ASV203",1,1
"ASV2030",1,1
"ASV2031",1,1
"ASV2032",1,1
"ASV2033",1,1
"ASV2034",1,1
"ASV2036",1,1
"ASV2037",1,1
"ASV2038",1,1
"ASV204",1,1
"ASV2040",1,1
"ASV2041",1,1
"ASV2042",1,1
"ASV2043",1,1
"ASV2044",1,1
"ASV2045",1,1
"ASV2046",1,1
"ASV2047",1,1
"ASV2048",1,1
"ASV2049",NA,NA
"ASV2051",1,1
"ASV2053",1,1
"ASV2055",1,1
"ASV2056",NA,NA
"ASV2057",1,1
"ASV2058",1,1
"ASV2059",1,1
"ASV206",1,1
"ASV2060",1,1
"ASV2063",1,1
"ASV2064",1,1
"ASV2065",1,1
"ASV2066",1,1
"ASV2067",1,1
"ASV2068",1,1
"ASV2069",1,1
"ASV2070",1,1
"ASV2071",1,1
"ASV2072",1,1
"ASV2073",1,1
"ASV2074",NA,NA
"ASV2075",NA,NA
"ASV2076",1,1
"ASV2077",1,1
"ASV2078",NA,NA
"ASV2079",1,1
"ASV208",1,1
"ASV2080",1,1
"ASV2082",1,1
"ASV2083",NA,NA
"ASV2084",1,1
"ASV2085",1,1
"ASV2086",NA,NA
"ASV2087",1,1
"ASV2088",1,1
"ASV2089",1,1
"ASV209",1,1
"ASV2090",1,1
"ASV2091",1,1
"ASV2092",1,1
"ASV2093",1,1
"ASV2095",1,1
"ASV2097",1,1
"ASV2098",1,1
"ASV2099",1,1
"ASV21",NA,NA
"ASV2100",1,1
"ASV2102",1,1
"ASV2103",1,1
"ASV2104",1,1
"ASV2105",1,1
"ASV2106",1,1
"ASV2107",1,1
"ASV2108",NA,NA
"ASV2109",1,1
"ASV211",NA,NA
"ASV2112",1,1
"ASV2114",1,1
"ASV2115",1,1
"ASV2116",1,1
"ASV2117",1,1
"ASV2119",1,1
"ASV212",1,1
"ASV2120",1,1
"ASV2121",1,1
"ASV2122",1,1
"ASV2123",1,1
"ASV2124",1,1
"ASV2125",1,1
"ASV2127",1,1
"ASV2128",1,1
"ASV213",1,1
"ASV2131",1,1
"ASV2132",NA,NA
"ASV2133",1,1
"ASV2134",1,1
"ASV2135",1,1
"ASV2136",NA,NA
"ASV2137",1,1
"ASV2139",1,1
"ASV214",1,1
"ASV2140",1,1
"ASV2141",NA,NA
"ASV2142",1,1
"ASV2144",1,1
"ASV2145",1,1
"ASV2146",1,1
"ASV2147",1,1
"ASV2148",1,1
"ASV2149",1,1
"ASV215",1,1
"ASV2151",1,1
"ASV2152",1,1
"ASV2153",1,1
"ASV2154",1,1
"ASV2155",1,1
"ASV2156",1,1
"ASV2157",1,1
"ASV2158",1,1
"ASV2159",1,1
"ASV216",NA,NA
"ASV2161",1,1
"ASV2162",1,1
"ASV2163",1,1
"ASV2164",1,1
"ASV2165",1,1
"ASV2167",1,1
"ASV2168",1,1
"ASV2169",1,1
"ASV217",1,1
"ASV2170",1,1
"ASV2171",1,1
"ASV2172",NA,NA
"ASV2173",1,1
"ASV2174",1,1
"ASV2175",1,1
"ASV2176",1,1
"ASV2177",1,1
"ASV2179",1,1
"ASV218",NA,NA
"ASV2180",1,1
"ASV2181",1,1
"ASV2182",1,1
"ASV2183",1,1
"ASV2184",1,1
"ASV2185",1,1
"ASV2186",NA,NA
"ASV2187",1,1
"ASV2188",1,1
"ASV2189",1,1
"ASV2191",1,1
"ASV2192",1,1
"ASV2194",1,1
"ASV2195",1,1
"ASV2196",NA,NA
"ASV2197",1,1
"ASV2198",1,1
"ASV2199",1,1
"ASV22",NA,NA
"ASV2201",1,1
"ASV2202",1,1
"ASV2203",1,1
"ASV2204",1,1
"ASV2205",1,1
"ASV2206",1,1
"ASV2207",1,1
"ASV2208",1,1
"ASV221",1,1
"ASV2210",1,1
"ASV2211",1,1
"ASV2212",1,1
"ASV2214",1,1
"ASV2215",NA,NA
"ASV2216",NA,NA
"ASV2217",1,1
"ASV2218",1,1
"ASV2219",1,1
"ASV222",1,1
"ASV2220",1,1
"ASV2221",NA,NA
"ASV2222",1,1
"ASV2223",1,1
"ASV2225",NA,NA
"ASV2227",1,1
"ASV2228",1,1
"ASV2229",1,1
"ASV223",1,1
"ASV2231",1,1
"ASV2233",1,1
"ASV2234",1,1
"ASV2235",1,1
"ASV2236",1,1
"ASV2237",1,1
"ASV2239",1,1
"ASV2240",1,1
"ASV2241",1,1
"ASV2242",1,1
"ASV2243",1,1
"ASV2244",1,1
"ASV2245",1,1
"ASV2246",1,1
"ASV2247",1,1
"ASV2248",1,1
"ASV2249",1,1
"ASV2250",1,1
"ASV2251",1,1
"ASV2252",1,1
"ASV2253",1,1
"ASV2254",1,1
"ASV2256",1,1
"ASV2257",1,1
"ASV2258",1,1
"ASV2259",NA,NA
"ASV226",1,1
"ASV2260",1,1
"ASV2261",1,1
"ASV2262",1,1
"ASV2263",1,1
"ASV2264",1,1
"ASV2265",1,1
"ASV2266",1,1
"ASV2267",1,1
"ASV2268",1,1
"ASV2269",1,1
"ASV227",1,1
"ASV2270",1,1
"ASV2271",1,1
"ASV2273",1,1
"ASV2274",1,1
"ASV2275",1,1
"ASV2276",1,1
"ASV2277",1,1
"ASV2278",1,1
"ASV2279",1,1
"ASV228",1,1
"ASV2281",1,1
"ASV2282",1,1
"ASV2284",1,1
"ASV2285",1,1
"ASV2286",1,1
"ASV2287",1,1
"ASV2288",1,1
"ASV229",NA,NA
"ASV2290",1,1
"ASV2292",1,1
"ASV2293",1,1
"ASV2294",1,1
"ASV2295",1,1
"ASV2296",1,1
"ASV2297",1,1
"ASV2298",1,1
"ASV2299",1,1
"ASV230",1,1
"ASV2300",1,1
"ASV2301",1,1
"ASV2302",1,1
"ASV2303",1,1
"ASV2304",1,1
"ASV2305",1,1
"ASV2306",1,1
"ASV2307",1,1
"ASV2308",1,1
"ASV2310",1,1
"ASV2313",1,1
"ASV2315",1,1
"ASV2316",1,1
"ASV2317",1,1
"ASV2318",1,1
"ASV232",1,1
"ASV2320",1,1
"ASV2321",1,1
"ASV2322",1,1
"ASV2324",1,1
"ASV2325",1,1
"ASV2326",1,1
"ASV2327",1,1
"ASV2328",1,1
"ASV2329",1,1
"ASV233",NA,NA
"ASV2330",1,1
"ASV2331",1,1
"ASV2332",1,1
"ASV2333",1,1
"ASV2334",1,1
"ASV2335",NA,NA
"ASV2336",1,1
"ASV2337",1,1
"ASV2338",1,1
"ASV234",NA,NA
"ASV2341",1,1
"ASV2343",1,1
"ASV2344",1,1
"ASV2345",1,1
"ASV2346",1,1
"ASV2347",1,1
"ASV2348",1,1
"ASV2349",1,1
"ASV235",1,1
"ASV2350",1,1
"ASV2351",1,1
"ASV2353",1,1
"ASV2354",1,1
"ASV2355",1,1
"ASV2356",1,1
"ASV2359",1,1
"ASV236",1,1
"ASV2360",1,1
"ASV2362",1,1
"ASV2364",1,1
"ASV2365",1,1
"ASV2368",1,1
"ASV2369",1,1
"ASV237",1,1
"ASV2370",1,1
"ASV2371",1,1
"ASV2372",1,1
"ASV2373",1,1
"ASV2374",1,1
"ASV2376",1,1
"ASV2377",1,1
"ASV2378",1,1
"ASV2379",1,1
"ASV238",1,1
"ASV2380",1,1
"ASV2381",1,1
"ASV2382",1,1
"ASV2385",1,1
"ASV2386",1,1
"ASV2387",1,1
"ASV2389",1,1
"ASV239",1,1
"ASV2390",1,1
"ASV2392",1,1
"ASV2393",1,1
"ASV2394",1,1
"ASV2395",1,1
"ASV2396",1,1
"ASV2397",1,1
"ASV2398",1,1
"ASV2399",1,1
"ASV24",1,1
"ASV2400",1,1
"ASV2401",1,1
"ASV2403",1,1
"ASV2404",1,1
"ASV2405",NA,NA
"ASV2406",1,1
"ASV2407",1,1
"ASV2408",NA,NA
"ASV2409",1,1
"ASV2410",1,1
"ASV2411",1,1
"ASV2412",1,1
"ASV2413",NA,NA
"ASV2414",1,1
"ASV2415",1,1
"ASV2416",1,1
"ASV2417",NA,NA
"ASV2418",1,1
"ASV2419",1,1
"ASV242",1,1
"ASV2420",1,1
"ASV2421",NA,NA
"ASV2422",NA,NA
"ASV2423",1,1
"ASV2424",1,1
"ASV2425",1,1
"ASV2426",1,1
"ASV2428",1,1
"ASV2429",1,1
"ASV243",1,1
"ASV2431",1,1
"ASV2432",1,1
"ASV2433",1,1
"ASV2434",1,1
"ASV2435",1,1
"ASV2437",1,1
"ASV2438",1,1
"ASV2439",1,1
"ASV244",1,1
"ASV2440",1,1
"ASV2441",1,1
"ASV2442",1,1
"ASV2443",1,1
"ASV2444",1,1
"ASV2445",1,1
"ASV2446",1,1
"ASV2448",1,1
"ASV2449",1,1
"ASV245",1,1
"ASV2450",1,1
"ASV2451",1,1
"ASV2452",1,1
"ASV2453",1,1
"ASV2454",1,1
"ASV2455",1,1
"ASV2459",1,1
"ASV246",1,1
"ASV2460",1,1
"ASV2461",1,1
"ASV2462",1,1
"ASV2463",1,1
"ASV2465",1,1
"ASV2467",1,1
"ASV2469",1,1
"ASV247",1,1
"ASV2470",1,1
"ASV2471",1,1
"ASV2472",1,1
"ASV2473",1,1
"ASV2474",1,1
"ASV2476",1,1
"ASV2477",1,1
"ASV2479",1,1
"ASV248",NA,NA
"ASV2481",1,1
"ASV2482",1,1
"ASV2483",NA,NA
"ASV2485",1,1
"ASV2486",1,1
"ASV2487",1,1
"ASV2488",NA,NA
"ASV2489",NA,NA
"ASV2490",1,1
"ASV2491",1,1
"ASV2492",1,1
"ASV2494",1,1
"ASV2495",1,1
"ASV2496",1,1
"ASV2498",NA,NA
"ASV2499",1,1
"ASV25",1,1
"ASV250",1,1
"ASV2500",NA,NA
"ASV2501",1,1
"ASV2502",1,1
"ASV2503",1,1
"ASV2504",1,1
"ASV2505",1,1
"ASV2506",1,1
"ASV2507",1,1
"ASV2508",1,1
"ASV2509",NA,NA
"ASV251",1,1
"ASV2510",1,1
"ASV2511",1,1
"ASV2512",1,1
"ASV2513",1,1
"ASV2514",1,1
"ASV2515",1,1
"ASV2516",1,1
"ASV2517",NA,NA
"ASV2519",1,1
"ASV252",1,1
"ASV2523",1,1
"ASV2524",1,1
"ASV2525",1,1
"ASV2526",1,1
"ASV253",1,1
"ASV2530",1,1
"ASV2531",1,1
"ASV2532",1,1
"ASV2533",1,1
"ASV2534",NA,NA
"ASV2535",1,1
"ASV2536",1,1
"ASV2538",1,1
"ASV2539",1,1
"ASV254",1,1
"ASV2540",1,1
"ASV2541",1,1
"ASV2542",1,1
"ASV2543",1,1
"ASV2544",1,1
"ASV2546",1,1
"ASV2547",1,1
"ASV2548",1,1
"ASV2549",1,1
"ASV255",1,1
"ASV2552",1,1
"ASV2553",1,1
"ASV2554",1,1
"ASV2555",1,1
"ASV2556",1,1
"ASV2557",1,1
"ASV2558",1,1
"ASV256",1,1
"ASV2560",NA,NA
"ASV2561",1,1
"ASV2563",NA,NA
"ASV2564",1,1
"ASV2565",1,1
"ASV2566",1,1
"ASV2567",1,1
"ASV2568",1,1
"ASV257",1,1
"ASV2570",1,1
"ASV2571",1,1
"ASV2572",1,1
"ASV2573",1,1
"ASV2574",1,1
"ASV2575",1,1
"ASV2576",NA,NA
"ASV2578",1,1
"ASV2579",1,1
"ASV258",1,1
"ASV2580",1,1
"ASV2581",1,1
"ASV2582",1,1
"ASV2583",NA,NA
"ASV2584",1,1
"ASV2585",NA,NA
"ASV2587",1,1
"ASV2588",1,1
"ASV2589",1,1
"ASV259",NA,NA
"ASV2590",1,1
"ASV2591",1,1
"ASV2592",NA,NA
"ASV2594",1,1
"ASV2595",1,1
"ASV2596",1,1
"ASV2598",NA,NA
"ASV2599",1,1
"ASV26",1,1
"ASV2600",1,1
"ASV2601",1,1
"ASV2602",1,1
"ASV2603",1,1
"ASV2605",1,1
"ASV2606",1,1
"ASV2608",1,1
"ASV2610",1,1
"ASV2611",1,1
"ASV2613",1,1
"ASV2615",1,1
"ASV2616",1,1
"ASV2617",1,1
"ASV2618",1,1
"ASV2619",1,1
"ASV262",1,1
"ASV2620",1,1
"ASV2621",1,1
"ASV2622",1,1
"ASV2623",1,1
"ASV2624",1,1
"ASV2625",1,1
"ASV2626",1,1
"ASV2629",1,1
"ASV263",1,1
"ASV2630",1,1
"ASV2631",1,1
"ASV2633",1,1
"ASV2634",1,1
"ASV2635",1,1
"ASV2639",1,1
"ASV264",1,1
"ASV2640",1,1
"ASV2641",1,1
"ASV2642",1,1
"ASV2643",1,1
"ASV2644",1,1
"ASV2645",1,1
"ASV2646",1,1
"ASV2647",1,1
"ASV2649",1,1
"ASV265",NA,NA
"ASV2651",1,1
"ASV2652",1,1
"ASV2653",1,1
"ASV2654",NA,NA
"ASV2655",1,1
"ASV2656",1,1
"ASV2658",1,1
"ASV2659",1,1
"ASV266",1,1
"ASV2660",1,1
"ASV2661",1,1
"ASV2662",1,1
"ASV2663",1,1
"ASV2664",1,1
"ASV2665",1,1
"ASV2666",1,1
"ASV2667",1,1
"ASV267",1,1
"ASV2670",1,1
"ASV2671",NA,NA
"ASV2672",1,1
"ASV2673",1,1
"ASV2674",1,1
"ASV2676",1,1
"ASV2677",1,1
"ASV2678",1,1
"ASV2679",1,1
"ASV268",1,1
"ASV2680",1,1
"ASV2681",1,1
"ASV2682",1,1
"ASV2683",1,1
"ASV2684",1,1
"ASV2685",NA,NA
"ASV2686",NA,NA
"ASV2687",1,1
"ASV2688",1,1
"ASV2689",1,1
"ASV269",1,1
"ASV2692",1,1
"ASV2693",1,1
"ASV2694",1,1
"ASV2695",1,1
"ASV2696",1,1
"ASV2697",1,1
"ASV2698",1,1
"ASV27",1,1
"ASV270",1,1
"ASV2700",1,1
"ASV2701",1,1
"ASV2702",1,1
"ASV2703",1,1
"ASV2704",1,1
"ASV2705",1,1
"ASV2706",1,1
"ASV2707",1,1
"ASV2708",1,1
"ASV2709",1,1
"ASV271",1,1
"ASV2711",1,1
"ASV2712",1,1
"ASV2713",1,1
"ASV2718",1,1
"ASV272",1,1
"ASV2720",1,1
"ASV2721",1,1
"ASV2722",1,1
"ASV2723",1,1
"ASV2724",1,1
"ASV2725",1,1
"ASV2729",1,1
"ASV273",1,1
"ASV2730",1,1
"ASV2731",1,1
"ASV2732",1,1
"ASV2734",1,1
"ASV2735",1,1
"ASV2736",1,1
"ASV2737",1,1
"ASV2738",1,1
"ASV2739",1,1
"ASV2740",1,1
"ASV2741",1,1
"ASV2742",1,1
"ASV2744",1,1
"ASV2745",1,1
"ASV2746",1,1
"ASV2747",1,1
"ASV2749",1,1
"ASV275",1,1
"ASV2750",1,1
"ASV2751",1,1
"ASV2752",1,1
"ASV2753",1,1
"ASV2754",1,1
"ASV2755",1,1
"ASV2756",1,1
"ASV2757",1,1
"ASV2758",1,1
"ASV2759",1,1
"ASV276",1,1
"ASV2760",1,1
"ASV2761",1,1
"ASV2762",1,1
"ASV2763",1,1
"ASV2764",1,1
"ASV2765",1,1
"ASV2766",1,1
"ASV2767",1,1
"ASV277",1,1
"ASV2770",1,1
"ASV2771",1,1
"ASV2773",1,1
"ASV2774",1,1
"ASV2775",1,1
"ASV2776",1,1
"ASV2777",1,1
"ASV2778",1,1
"ASV278",NA,NA
"ASV2780",1,1
"ASV2781",1,1
"ASV2782",1,1
"ASV2783",1,1
"ASV2784",NA,NA
"ASV2785",1,1
"ASV2786",1,1
"ASV2787",1,1
"ASV2788",1,1
"ASV279",1,1
"ASV2790",1,1
"ASV2791",1,1
"ASV2792",1,1
"ASV2793",1,1
"ASV2794",1,1
"ASV2795",NA,NA
"ASV2796",1,1
"ASV2797",1,1
"ASV2798",1,1
"ASV2799",1,1
"ASV28",1,1
"ASV280",1,1
"ASV2800",1,1
"ASV2802",1,1
"ASV2803",1,1
"ASV2804",1,1
"ASV2805",1,1
"ASV2806",1,1
"ASV2807",1,1
"ASV2808",1,1
"ASV2809",1,1
"ASV281",1,1
"ASV2811",1,1
"ASV2812",1,1
"ASV2813",1,1
"ASV2814",1,1
"ASV2816",1,1
"ASV2817",1,1
"ASV2819",1,1
"ASV282",1,1
"ASV2820",1,1
"ASV2821",1,1
"ASV2822",1,1
"ASV2823",1,1
"ASV2824",1,1
"ASV2825",1,1
"ASV2826",1,1
"ASV2828",1,1
"ASV2829",1,1
"ASV283",1,1
"ASV2830",1,1
"ASV2831",1,1
"ASV2832",1,1
"ASV2833",1,1
"ASV2834",1,1
"ASV2835",1,1
"ASV2836",1,1
"ASV2837",1,1
"ASV2839",1,1
"ASV2840",1,1
"ASV2841",1,1
"ASV2842",1,1
"ASV2843",1,1
"ASV2844",1,1
"ASV2845",1,1
"ASV2846",1,1
"ASV2847",1,1
"ASV2849",1,1
"ASV285",1,1
"ASV2851",1,1
"ASV2852",1,1
"ASV2853",1,1
"ASV2854",1,1
"ASV2855",1,1
"ASV2856",1,1
"ASV2857",1,1
"ASV2858",1,1
"ASV2859",1,1
"ASV2860",1,1
"ASV2861",NA,NA
"ASV2862",1,1
"ASV2863",1,1
"ASV2864",1,1
"ASV2865",1,1
"ASV2866",1,1
"ASV2868",1,1
"ASV2869",1,1
"ASV287",1,1
"ASV2870",1,1
"ASV2871",1,1
"ASV2872",1,1
"ASV2874",NA,NA
"ASV2875",1,1
"ASV2876",1,1
"ASV2878",1,1
"ASV2879",1,1
"ASV2880",1,1
"ASV2881",1,1
"ASV2882",1,1
"ASV2883",1,1
"ASV2884",1,1
"ASV2885",1,1
"ASV2886",1,1
"ASV2887",1,1
"ASV2888",1,1
"ASV2889",1,1
"ASV289",1,1
"ASV2890",1,1
"ASV2891",1,1
"ASV2892",1,1
"ASV2893",1,1
"ASV2894",1,1
"ASV2895",1,1
"ASV2896",1,1
"ASV2897",1,1
"ASV2898",1,1
"ASV2899",1,1
"ASV29",1,1
"ASV2903",NA,NA
"ASV2904",NA,NA
"ASV2905",1,1
"ASV2906",1,1
"ASV2907",1,1
"ASV2908",1,1
"ASV2909",1,1
"ASV2910",1,1
"ASV2911",1,1
"ASV2912",1,1
"ASV2913",1,1
"ASV2914",1,1
"ASV2915",NA,NA
"ASV2916",NA,NA
"ASV2917",1,1
"ASV2918",1,1
"ASV2919",1,1
"ASV292",1,1
"ASV2920",1,1
"ASV2921",1,1
"ASV2922",1,1
"ASV2923",1,1
"ASV2924",1,1
"ASV2925",1,1
"ASV2926",1,1
"ASV2927",NA,NA
"ASV2929",1,1
"ASV293",NA,NA
"ASV2930",1,1
"ASV2931",1,1
"ASV2932",1,1
"ASV2934",1,1
"ASV2936",1,1
"ASV2937",1,1
"ASV2938",1,1
"ASV2939",1,1
"ASV294",1,1
"ASV2940",1,1
"ASV2942",1,1
"ASV2943",1,1
"ASV2944",1,1
"ASV2945",1,1
"ASV2946",1,1
"ASV2947",1,1
"ASV2948",1,1
"ASV2949",1,1
"ASV2950",1,1
"ASV2951",1,1
"ASV2952",1,1
"ASV2953",1,1
"ASV2954",NA,NA
"ASV2955",1,1
"ASV2956",1,1
"ASV2957",1,1
"ASV2958",1,1
"ASV2959",1,1
"ASV2960",1,1
"ASV2962",1,1
"ASV2963",1,1
"ASV2964",1,1
"ASV2965",1,1
"ASV2966",1,1
"ASV2967",1,1
"ASV2968",1,1
"ASV2969",1,1
"ASV297",1,1
"ASV2970",1,1
"ASV2971",1,1
"ASV2972",1,1
"ASV2973",1,1
"ASV2974",1,1
"ASV2975",1,1
"ASV2976",1,1
"ASV2977",1,1
"ASV2978",1,1
"ASV2979",1,1
"ASV298",NA,NA
"ASV2980",1,1
"ASV2981",1,1
"ASV2982",1,1
"ASV2983",1,1
"ASV2984",1,1
"ASV2985",1,1
"ASV2986",1,1
"ASV2987",1,1
"ASV2988",1,1
"ASV2989",1,1
"ASV299",1,1
"ASV2990",NA,NA
"ASV2991",1,1
"ASV2992",1,1
"ASV2993",1,1
"ASV2994",1,1
"ASV2995",1,1
"ASV2996",1,1
"ASV2997",1,1
"ASV2998",1,1
"ASV2999",1,1
"ASV3",1,1
"ASV3000",1,1
"ASV3001",1,1
"ASV3002",1,1
"ASV3003",1,1
"ASV3004",1,1
"ASV3005",1,1
"ASV3006",1,1
"ASV3007",1,1
"ASV3008",1,1
"ASV3009",1,1
"ASV3010",1,1
"ASV3011",1,1
"ASV3012",NA,NA
"ASV3013",1,1
"ASV3014",1,1
"ASV3015",1,1
"ASV3016",1,1
"ASV3017",1,1
"ASV3018",1,1
"ASV3019",1,1
"ASV302",NA,NA
"ASV3021",1,1
"ASV3022",1,1
"ASV3023",1,1
"ASV3024",1,1
"ASV3025",1,1
"ASV3026",1,1
"ASV3027",1,1
"ASV3028",1,1
"ASV3029",1,1
"ASV303",1,1
"ASV3030",1,1
"ASV3031",1,1
"ASV3032",1,1
"ASV3033",1,1
"ASV3034",1,1
"ASV3036",1,1
"ASV3037",1,1
"ASV3039",1,1
"ASV304",1,1
"ASV3040",1,1
"ASV3041",1,1
"ASV3042",1,1
"ASV3043",1,1
"ASV3044",1,1
"ASV3045",1,1
"ASV3046",1,1
"ASV3047",1,1
"ASV3049",1,1
"ASV305",1,1
"ASV3050",1,1
"ASV3051",1,1
"ASV3053",1,1
"ASV3054",1,1
"ASV3056",1,1
"ASV3057",1,1
"ASV3058",1,1
"ASV3059",1,1
"ASV306",1,1
"ASV3060",1,1
"ASV3061",1,1
"ASV3062",1,1
"ASV3063",1,1
"ASV3065",1,1
"ASV3067",1,1
"ASV3068",1,1
"ASV3069",1,1
"ASV307",1,1
"ASV3072",1,1
"ASV3074",1,1
"ASV3075",1,1
"ASV3077",1,1
"ASV3079",1,1
"ASV3080",1,1
"ASV3081",1,1
"ASV3082",1,1
"ASV3083",1,1
"ASV3084",1,1
"ASV3085",1,1
"ASV3086",1,1
"ASV3088",1,1
"ASV3089",1,1
"ASV309",1,1
"ASV3090",NA,NA
"ASV3091",1,1
"ASV3093",1,1
"ASV3095",1,1
"ASV3096",1,1
"ASV3097",1,1
"ASV3098",1,1
"ASV3099",1,1
"ASV310",1,1
"ASV3100",1,1
"ASV3101",1,1
"ASV3102",1,1
"ASV3104",1,1
"ASV3106",1,1
"ASV3107",1,1
"ASV3108",1,1
"ASV3109",NA,NA
"ASV311",1,1
"ASV3110",1,1
"ASV3111",NA,NA
"ASV3112",1,1
"ASV3113",1,1
"ASV3114",1,1
"ASV3115",1,1
"ASV3116",1,1
"ASV3117",1,1
"ASV3118",1,1
"ASV3119",1,1
"ASV3120",1,1
"ASV3121",1,1
"ASV3122",1,1
"ASV3123",1,1
"ASV3124",1,1
"ASV3125",1,1
"ASV3126",1,1
"ASV3128",1,1
"ASV3129",1,1
"ASV313",1,1
"ASV3130",1,1
"ASV3131",1,1
"ASV3132",1,1
"ASV3133",1,1
"ASV3134",1,1
"ASV3135",1,1
"ASV3136",1,1
"ASV3137",1,1
"ASV3139",1,1
"ASV3140",1,1
"ASV3141",1,1
"ASV3142",1,1
"ASV3143",1,1
"ASV3144",1,1
"ASV3146",1,1
"ASV3147",1,1
"ASV3148",1,1
"ASV3149",NA,NA
"ASV315",1,1
"ASV3150",1,1
"ASV3151",1,1
"ASV3152",1,1
"ASV3153",1,1
"ASV3154",1,1
"ASV3155",1,1
"ASV3157",1,1
"ASV3158",1,1
"ASV3159",1,1
"ASV316",NA,NA
"ASV3160",1,1
"ASV3161",1,1
"ASV3162",1,1
"ASV3163",1,1
"ASV3164",1,1
"ASV3165",1,1
"ASV3166",1,1
"ASV3168",1,1
"ASV317",1,1
"ASV3170",1,1
"ASV3171",1,1
"ASV3172",1,1
"ASV3173",1,1
"ASV3174",1,1
"ASV3175",1,1
"ASV3176",1,1
"ASV3177",1,1
"ASV3178",1,1
"ASV3179",1,1
"ASV318",1,1
"ASV3180",1,1
"ASV3184",1,1
"ASV3185",1,1
"ASV3186",1,1
"ASV3187",1,1
"ASV3188",1,1
"ASV3189",1,1
"ASV319",1,1
"ASV3190",1,1
"ASV3191",1,1
"ASV3192",1,1
"ASV3193",1,1
"ASV3194",1,1
"ASV3195",1,1
"ASV3196",1,1
"ASV3198",1,1
"ASV3199",1,1
"ASV32",1,1
"ASV320",1,1
"ASV3200",1,1
"ASV3202",1,1
"ASV3203",1,1
"ASV3204",1,1
"ASV3206",1,1
"ASV3208",1,1
"ASV3209",1,1
"ASV321",1,1
"ASV3210",1,1
"ASV3212",1,1
"ASV3213",1,1
"ASV3214",1,1
"ASV3215",1,1
"ASV3216",1,1
"ASV3217",1,1
"ASV3219",1,1
"ASV322",1,1
"ASV3220",1,1
"ASV3221",1,1
"ASV3222",1,1
"ASV3223",1,1
"ASV3224",1,1
"ASV3225",1,1
"ASV3226",1,1
"ASV3227",1,1
"ASV3228",1,1
"ASV3229",1,1
"ASV3230",1,1
"ASV3231",1,1
"ASV3232",1,1
"ASV3233",1,1
"ASV3234",1,1
"ASV3235",1,1
"ASV3236",1,1
"ASV3237",1,1
"ASV3238",1,1
"ASV3239",1,1
"ASV324",NA,NA
"ASV3240",NA,NA
"ASV3241",1,1
"ASV3242",1,1
"ASV3243",1,1
"ASV3244",1,1
"ASV3245",1,1
"ASV3246",1,1
"ASV3247",1,1
"ASV3248",1,1
"ASV325",1,1
"ASV3250",1,1
"ASV3251",1,1
"ASV3252",1,1
"ASV3253",1,1
"ASV3254",1,1
"ASV3255",1,1
"ASV3256",1,1
"ASV3257",1,1
"ASV3258",1,1
"ASV3259",NA,NA
"ASV326",1,1
"ASV3260",NA,NA
"ASV3261",1,1
"ASV3262",NA,NA
"ASV3263",NA,NA
"ASV3265",1,1
"ASV3266",1,1
"ASV3268",1,1
"ASV3269",1,1
"ASV327",NA,NA
"ASV3270",1,1
"ASV3271",1,1
"ASV3272",1,1
"ASV3273",1,1
"ASV3274",1,1
"ASV3275",1,1
"ASV3276",1,1
"ASV3277",1,1
"ASV3278",1,1
"ASV3279",NA,NA
"ASV328",1,1
"ASV3280",1,1
"ASV3281",1,1
"ASV3282",1,1
"ASV3283",1,1
"ASV3284",1,1
"ASV3285",1,1
"ASV3287",1,1
"ASV3288",1,1
"ASV3289",1,1
"ASV329",1,1
"ASV3290",1,1
"ASV3292",1,1
"ASV3293",1,1
"ASV3294",1,1
"ASV3295",1,1
"ASV3296",1,1
"ASV3297",1,1
"ASV3299",1,1
"ASV33",NA,NA
"ASV3300",1,1
"ASV3301",1,1
"ASV3302",1,1
"ASV3303",1,1
"ASV3304",1,1
"ASV3305",1,1
"ASV3306",1,1
"ASV3307",1,1
"ASV3308",1,1
"ASV3309",1,1
"ASV331",1,1
"ASV3310",1,1
"ASV3311",1,1
"ASV3312",1,1
"ASV3313",1,1
"ASV3314",1,1
"ASV3315",1,1
"ASV3317",1,1
"ASV3318",1,1
"ASV3319",1,1
"ASV3320",1,1
"ASV3321",1,1
"ASV3322",1,1
"ASV3323",1,1
"ASV3324",1,1
"ASV3325",1,1
"ASV3329",1,1
"ASV333",NA,NA
"ASV3331",1,1
"ASV3333",1,1
"ASV3334",1,1
"ASV3335",1,1
"ASV3336",1,1
"ASV3338",1,1
"ASV3339",1,1
"ASV334",1,1
"ASV3341",1,1
"ASV3342",1,1
"ASV3344",NA,NA
"ASV3345",1,1
"ASV3346",1,1
"ASV3347",1,1
"ASV3349",1,1
"ASV335",1,1
"ASV3350",1,1
"ASV3351",1,1
"ASV3352",1,1
"ASV3353",1,1
"ASV3354",1,1
"ASV3355",1,1
"ASV3356",1,1
"ASV3358",1,1
"ASV3359",1,1
"ASV3360",1,1
"ASV3361",1,1
"ASV3362",1,1
"ASV3363",1,1
"ASV3364",NA,NA
"ASV3365",1,1
"ASV3366",1,1
"ASV3367",1,1
"ASV3368",1,1
"ASV3369",1,1
"ASV337",NA,NA
"ASV3370",1,1
"ASV3371",1,1
"ASV3372",1,1
"ASV3373",1,1
"ASV3374",1,1
"ASV3375",1,1
"ASV3376",1,1
"ASV3377",1,1
"ASV3378",1,1
"ASV3379",1,1
"ASV338",1,1
"ASV3380",1,1
"ASV3381",1,1
"ASV3382",1,1
"ASV3384",1,1
"ASV3386",1,1
"ASV3387",1,1
"ASV3388",1,1
"ASV3389",1,1
"ASV339",1,1
"ASV3390",1,1
"ASV3391",1,1
"ASV3392",1,1
"ASV3393",1,1
"ASV3394",1,1
"ASV3395",1,1
"ASV3396",1,1
"ASV3397",1,1
"ASV3398",1,1
"ASV3399",1,1
"ASV34",1,1
"ASV340",1,1
"ASV3400",NA,NA
"ASV3401",1,1
"ASV3402",1,1
"ASV3403",1,1
"ASV3404",1,1
"ASV3405",1,1
"ASV3406",1,1
"ASV3407",1,1
"ASV3409",1,1
"ASV341",1,1
"ASV3410",1,1
"ASV3411",1,1
"ASV3413",1,1
"ASV3414",1,1
"ASV3417",1,1
"ASV3418",1,1
"ASV3419",1,1
"ASV342",NA,NA
"ASV3420",1,1
"ASV3421",1,1
"ASV3422",1,1
"ASV3423",1,1
"ASV3425",1,1
"ASV3426",1,1
"ASV3427",1,1
"ASV3428",1,1
"ASV3429",1,1
"ASV343",1,1
"ASV3430",1,1
"ASV3431",1,1
"ASV3432",1,1
"ASV3433",1,1
"ASV3434",1,1
"ASV3435",1,1
"ASV3436",1,1
"ASV3437",1,1
"ASV3438",1,1
"ASV3439",1,1
"ASV344",1,1
"ASV3440",1,1
"ASV3441",1,1
"ASV3442",1,1
"ASV3443",1,1
"ASV3444",1,1
"ASV3445",1,1
"ASV3446",1,1
"ASV3447",1,1
"ASV3448",1,1
"ASV3449",1,1
"ASV3450",1,1
"ASV3451",1,1
"ASV3452",1,1
"ASV3453",1,1
"ASV3454",1,1
"ASV3455",1,1
"ASV3456",1,1
"ASV3457",1,1
"ASV3458",1,1
"ASV3459",1,1
"ASV3461",1,1
"ASV3464",1,1
"ASV3465",1,1
"ASV3466",1,1
"ASV3467",1,1
"ASV3468",1,1
"ASV3469",1,1
"ASV347",NA,NA
"ASV3470",1,1
"ASV3471",1,1
"ASV3473",1,1
"ASV3475",1,1
"ASV3476",1,1
"ASV3477",1,1
"ASV3478",1,1
"ASV3479",1,1
"ASV348",1,1
"ASV3480",1,1
"ASV3481",1,1
"ASV3482",1,1
"ASV3483",1,1
"ASV3484",1,1
"ASV3485",1,1
"ASV3486",1,1
"ASV3487",1,1
"ASV3488",1,1
"ASV3489",1,1
"ASV349",1,1
"ASV3491",1,1
"ASV3492",1,1
"ASV3493",1,1
"ASV3494",1,1
"ASV3495",1,1
"ASV3496",1,1
"ASV3497",1,1
"ASV3499",1,1
"ASV35",1,1
"ASV350",1,1
"ASV3500",1,1
"ASV3501",1,1
"ASV3503",1,1
"ASV3504",1,1
"ASV3505",1,1
"ASV3506",1,1
"ASV3508",1,1
"ASV3509",1,1
"ASV351",1,1
"ASV3510",1,1
"ASV3512",1,1
"ASV3513",NA,NA
"ASV3514",NA,NA
"ASV3516",1,1
"ASV3517",1,1
"ASV3518",1,1
"ASV3519",1,1
"ASV3520",1,1
"ASV3521",1,1
"ASV3522",NA,NA
"ASV3523",1,1
"ASV3524",1,1
"ASV3525",1,1
"ASV3526",1,1
"ASV3527",1,1
"ASV3528",1,1
"ASV3529",1,1
"ASV353",1,1
"ASV3530",1,1
"ASV3531",1,1
"ASV3532",1,1
"ASV3533",1,1
"ASV3534",1,1
"ASV3535",1,1
"ASV3536",1,1
"ASV3537",1,1
"ASV3538",1,1
"ASV3539",1,1
"ASV3541",1,1
"ASV3542",1,1
"ASV3543",1,1
"ASV3544",1,1
"ASV3545",1,1
"ASV3546",1,1
"ASV3547",1,1
"ASV3548",1,1
"ASV3549",1,1
"ASV355",1,1
"ASV3551",1,1
"ASV3552",1,1
"ASV3553",1,1
"ASV3554",1,1
"ASV3555",1,1
"ASV3556",1,1
"ASV3557",1,1
"ASV3558",1,1
"ASV3559",1,1
"ASV3560",1,1
"ASV3561",1,1
"ASV3562",1,1
"ASV3563",1,1
"ASV3564",1,1
"ASV3565",1,1
"ASV3566",1,1
"ASV3568",1,1
"ASV3569",1,1
"ASV357",1,1
"ASV3570",1,1
"ASV3571",1,1
"ASV3572",1,1
"ASV3573",1,1
"ASV3574",1,1
"ASV3575",1,1
"ASV3577",1,1
"ASV3578",1,1
"ASV3579",1,1
"ASV358",NA,NA
"ASV3580",1,1
"ASV3581",1,1
"ASV3582",1,1
"ASV3583",1,1
"ASV3584",1,1
"ASV3585",1,1
"ASV3586",1,1
"ASV3587",1,1
"ASV3588",1,1
"ASV3589",1,1
"ASV359",1,1
"ASV3590",1,1
"ASV3591",1,1
"ASV3592",1,1
"ASV3593",1,1
"ASV3594",1,1
"ASV3596",1,1
"ASV3597",1,1
"ASV3598",1,1
"ASV3599",1,1
"ASV360",1,1
"ASV3600",1,1
"ASV3601",1,1
"ASV3602",1,1
"ASV3603",1,1
"ASV3604",1,1
"ASV3605",1,1
"ASV3606",1,1
"ASV3607",1,1
"ASV3608",1,1
"ASV3609",1,1
"ASV361",1,1
"ASV3611",1,1
"ASV3612",1,1
"ASV3613",1,1
"ASV3614",1,1
"ASV3615",1,1
"ASV3616",1,1
"ASV3617",1,1
"ASV3618",1,1
"ASV3619",1,1
"ASV362",NA,NA
"ASV3620",1,1
"ASV3622",1,1
"ASV3623",1,1
"ASV3624",1,1
"ASV3625",1,1
"ASV3626",1,1
"ASV3627",1,1
"ASV3628",1,1
"ASV3629",1,1
"ASV363",1,1
"ASV3631",1,1
"ASV3632",1,1
"ASV3633",1,1
"ASV3634",1,1
"ASV3635",1,1
"ASV3636",1,1
"ASV3637",1,1
"ASV3638",1,1
"ASV3639",1,1
"ASV3640",1,1
"ASV3641",1,1
"ASV3642",1,1
"ASV3643",1,1
"ASV3644",1,1
"ASV3645",1,1
"ASV3646",1,1
"ASV3647",1,1
"ASV3648",1,1
"ASV3649",1,1
"ASV3650",1,1
"ASV3651",1,1
"ASV3652",1,1
"ASV3654",1,1
"ASV3656",1,1
"ASV3657",1,1
"ASV3658",1,1
"ASV3659",1,1
"ASV366",NA,NA
"ASV3660",1,1
"ASV3662",1,1
"ASV3663",1,1
"ASV3664",1,1
"ASV3665",1,1
"ASV3666",1,1
"ASV3667",1,1
"ASV3669",1,1
"ASV3670",1,1
"ASV3671",1,1
"ASV3672",1,1
"ASV3673",1,1
"ASV3674",1,1
"ASV3676",1,1
"ASV3677",NA,NA
"ASV3678",1,1
"ASV3679",1,1
"ASV368",1,1
"ASV3680",1,1
"ASV3681",1,1
"ASV3682",1,1
"ASV3683",1,1
"ASV3684",1,1
"ASV3685",1,1
"ASV3686",1,1
"ASV3687",1,1
"ASV3688",1,1
"ASV3689",1,1
"ASV369",1,1
"ASV3690",1,1
"ASV3691",1,1
"ASV3693",1,1
"ASV3694",1,1
"ASV3695",1,1
"ASV3696",1,1
"ASV3697",1,1
"ASV3698",NA,NA
"ASV37",NA,NA
"ASV370",1,1
"ASV3700",1,1
"ASV3701",1,1
"ASV3703",1,1
"ASV3704",1,1
"ASV3705",1,1
"ASV3706",1,1
"ASV3707",1,1
"ASV3709",1,1
"ASV371",NA,NA
"ASV3710",1,1
"ASV3711",1,1
"ASV3712",1,1
"ASV3713",1,1
"ASV3714",1,1
"ASV3715",1,1
"ASV3716",1,1
"ASV3717",NA,NA
"ASV3718",1,1
"ASV3719",1,1
"ASV372",1,1
"ASV3720",1,1
"ASV3721",1,1
"ASV3722",1,1
"ASV3723",1,1
"ASV3724",1,1
"ASV3725",1,1
"ASV3726",1,1
"ASV3727",1,1
"ASV3728",1,1
"ASV3729",1,1
"ASV373",1,1
"ASV3730",1,1
"ASV3731",1,1
"ASV3732",1,1
"ASV3733",1,1
"ASV3734",1,1
"ASV3735",1,1
"ASV3736",1,1
"ASV3737",1,1
"ASV3738",1,1
"ASV3739",1,1
"ASV374",1,1
"ASV3741",NA,NA
"ASV3742",NA,NA
"ASV3743",NA,NA
"ASV3744",1,1
"ASV3746",1,1
"ASV3747",1,1
"ASV3749",1,1
"ASV3750",1,1
"ASV3751",1,1
"ASV3752",1,1
"ASV3753",1,1
"ASV3754",1,1
"ASV3755",1,1
"ASV3756",1,1
"ASV3757",1,1
"ASV3758",1,1
"ASV3759",1,1
"ASV3760",1,1
"ASV3761",NA,NA
"ASV3762",1,1
"ASV3763",1,1
"ASV3765",1,1
"ASV3766",1,1
"ASV3767",1,1
"ASV3768",1,1
"ASV3769",1,1
"ASV377",1,1
"ASV3770",1,1
"ASV3771",1,1
"ASV3772",1,1
"ASV3774",1,1
"ASV3775",1,1
"ASV3776",1,1
"ASV3777",1,1
"ASV3778",1,1
"ASV3779",1,1
"ASV3780",1,1
"ASV3781",1,1
"ASV3782",1,1
"ASV3783",1,1
"ASV3784",1,1
"ASV3785",1,1
"ASV3786",1,1
"ASV3787",1,1
"ASV3788",1,1
"ASV3789",1,1
"ASV379",1,1
"ASV3790",1,1
"ASV3792",1,1
"ASV3793",1,1
"ASV3794",1,1
"ASV3795",1,1
"ASV3796",1,1
"ASV3797",1,1
"ASV3798",1,1
"ASV3799",1,1
"ASV38",1,1
"ASV3800",1,1
"ASV3802",1,1
"ASV3803",1,1
"ASV3804",1,1
"ASV3806",1,1
"ASV3807",1,1
"ASV3808",1,1
"ASV3809",1,1
"ASV3810",1,1
"ASV3811",1,1
"ASV3812",1,1
"ASV3813",1,1
"ASV3814",1,1
"ASV3816",1,1
"ASV3817",1,1
"ASV3818",1,1
"ASV3819",1,1
"ASV382",1,1
"ASV3820",1,1
"ASV3821",1,1
"ASV3822",1,1
"ASV3823",1,1
"ASV3824",1,1
"ASV3825",1,1
"ASV3826",1,1
"ASV3827",1,1
"ASV3828",1,1
"ASV3829",1,1
"ASV383",1,1
"ASV3830",1,1
"ASV3831",1,1
"ASV3832",1,1
"ASV3833",1,1
"ASV3834",1,1
"ASV3835",1,1
"ASV3836",1,1
"ASV3837",1,1
"ASV3838",1,1
"ASV3839",1,1
"ASV384",1,1
"ASV3840",1,1
"ASV3841",1,1
"ASV3842",1,1
"ASV3843",1,1
"ASV3844",1,1
"ASV3845",1,1
"ASV3846",1,1
"ASV3847",1,1
"ASV3848",1,1
"ASV3849",1,1
"ASV385",1,1
"ASV3850",1,1
"ASV3851",1,1
"ASV3852",1,1
"ASV3853",1,1
"ASV3855",1,1
"ASV3856",1,1
"ASV3857",1,1
"ASV3858",1,1
"ASV3859",1,1
"ASV386",1,1
"ASV3860",1,1
"ASV3861",1,1
"ASV3862",1,1
"ASV3863",1,1
"ASV3864",1,1
"ASV3866",1,1
"ASV3868",1,1
"ASV3869",1,1
"ASV3870",1,1
"ASV3871",1,1
"ASV3872",1,1
"ASV3873",1,1
"ASV3874",1,1
"ASV3876",1,1
"ASV3877",1,1
"ASV3878",1,1
"ASV3879",1,1
"ASV388",1,1
"ASV3882",1,1
"ASV3883",1,1
"ASV3884",1,1
"ASV3885",1,1
"ASV3887",1,1
"ASV3889",1,1
"ASV389",NA,NA
"ASV3890",1,1
"ASV3891",1,1
"ASV3892",1,1
"ASV3893",1,1
"ASV3894",1,1
"ASV3895",1,1
"ASV3896",NA,NA
"ASV3897",NA,NA
"ASV3898",1,1
"ASV3899",1,1
"ASV39",1,1
"ASV390",1,1
"ASV3900",1,1
"ASV3901",1,1
"ASV3902",1,1
"ASV3903",NA,NA
"ASV3904",1,1
"ASV3905",1,1
"ASV3906",1,1
"ASV3907",1,1
"ASV3908",1,1
"ASV3909",1,1
"ASV391",1,1
"ASV3911",1,1
"ASV3912",1,1
"ASV3913",1,1
"ASV3914",1,1
"ASV3915",1,1
"ASV3916",1,1
"ASV3917",1,1
"ASV3918",1,1
"ASV3919",1,1
"ASV392",1,1
"ASV3920",1,1
"ASV3921",1,1
"ASV3922",1,1
"ASV3923",1,1
"ASV3924",NA,NA
"ASV3925",NA,NA
"ASV3926",1,1
"ASV3927",1,1
"ASV3928",1,1
"ASV393",1,1
"ASV3930",1,1
"ASV3931",1,1
"ASV3932",1,1
"ASV3933",1,1
"ASV3934",1,1
"ASV3935",1,1
"ASV3936",1,1
"ASV3937",1,1
"ASV3938",1,1
"ASV3939",1,1
"ASV394",1,1
"ASV3942",1,1
"ASV3943",1,1
"ASV3944",NA,NA
"ASV3945",1,1
"ASV3946",1,1
"ASV3947",1,1
"ASV3948",1,1
"ASV3949",1,1
"ASV395",1,1
"ASV3950",1,1
"ASV3951",1,1
"ASV3952",1,1
"ASV3953",1,1
"ASV3955",1,1
"ASV3957",1,1
"ASV3958",1,1
"ASV396",1,1
"ASV3960",1,1
"ASV3961",1,1
"ASV3962",1,1
"ASV3963",1,1
"ASV3964",1,1
"ASV3965",1,1
"ASV3967",1,1
"ASV3968",1,1
"ASV3969",1,1
"ASV397",1,1
"ASV3970",1,1
"ASV3972",1,1
"ASV3973",1,1
"ASV3974",1,1
"ASV3975",1,1
"ASV3976",1,1
"ASV3977",1,1
"ASV3978",1,1
"ASV3979",1,1
"ASV398",1,1
"ASV3980",1,1
"ASV3981",1,1
"ASV3982",1,1
"ASV3983",1,1
"ASV3984",1,1
"ASV3985",1,1
"ASV3986",1,1
"ASV3988",1,1
"ASV3989",1,1
"ASV3990",1,1
"ASV3991",1,1
"ASV3992",1,1
"ASV3993",1,1
"ASV3994",1,1
"ASV3995",NA,NA
"ASV3996",1,1
"ASV3997",1,1
"ASV3998",1,1
"ASV3999",1,1
"ASV4",1,1
"ASV400",1,1
"ASV4000",1,1
"ASV4001",1,1
"ASV4002",1,1
"ASV4003",1,1
"ASV4004",1,1
"ASV4005",1,1
"ASV4007",1,1
"ASV4009",1,1
"ASV401",NA,NA
"ASV4010",1,1
"ASV4011",1,1
"ASV4012",1,1
"ASV4013",1,1
"ASV4014",1,1
"ASV4015",1,1
"ASV4016",1,1
"ASV4017",1,1
"ASV4018",1,1
"ASV4019",1,1
"ASV402",1,1
"ASV4020",1,1
"ASV4021",1,1
"ASV4022",1,1
"ASV4023",1,1
"ASV4024",1,1
"ASV4025",1,1
"ASV4026",1,1
"ASV4027",1,1
"ASV4028",1,1
"ASV4029",1,1
"ASV403",1,1
"ASV4030",1,1
"ASV4031",1,1
"ASV4032",1,1
"ASV4033",1,1
"ASV4034",1,1
"ASV4035",1,1
"ASV4036",1,1
"ASV4037",1,1
"ASV4038",1,1
"ASV4039",1,1
"ASV4040",1,1
"ASV4041",1,1
"ASV4043",1,1
"ASV4044",1,1
"ASV4045",1,1
"ASV4046",1,1
"ASV4047",1,1
"ASV4048",1,1
"ASV4049",1,1
"ASV405",1,1
"ASV4050",1,1
"ASV4051",1,1
"ASV4052",1,1
"ASV4053",1,1
"ASV4054",1,1
"ASV4055",1,1
"ASV4056",1,1
"ASV4057",1,1
"ASV4058",1,1
"ASV4059",1,1
"ASV406",NA,NA
"ASV4060",NA,NA
"ASV4061",NA,NA
"ASV4062",1,1
"ASV4063",1,1
"ASV4064",1,1
"ASV4065",1,1
"ASV4066",1,1
"ASV4067",1,1
"ASV4068",1,1
"ASV4069",1,1
"ASV4070",1,1
"ASV4071",1,1
"ASV4072",1,1
"ASV4073",1,1
"ASV4074",1,1
"ASV4076",1,1
"ASV4077",1,1
"ASV4078",NA,NA
"ASV4079",1,1
"ASV408",1,1
"ASV4081",1,1
"ASV4082",1,1
"ASV4083",1,1
"ASV4084",1,1
"ASV4085",1,1
"ASV4087",1,1
"ASV4088",1,1
"ASV4089",1,1
"ASV409",1,1
"ASV4090",1,1
"ASV4091",1,1
"ASV4092",1,1
"ASV4093",1,1
"ASV4094",1,1
"ASV4095",1,1
"ASV4096",1,1
"ASV4097",1,1
"ASV4098",1,1
"ASV4099",1,1
"ASV41",1,1
"ASV410",1,1
"ASV4101",1,1
"ASV4102",1,1
"ASV4103",1,1
"ASV4104",1,1
"ASV4105",1,1
"ASV4106",1,1
"ASV4107",1,1
"ASV4108",1,1
"ASV4109",1,1
"ASV4110",NA,NA
"ASV4111",1,1
"ASV4113",1,1
"ASV4114",1,1
"ASV4115",NA,NA
"ASV4116",1,1
"ASV4117",NA,NA
"ASV4118",1,1
"ASV412",NA,NA
"ASV4120",1,1
"ASV4121",1,1
"ASV4122",1,1
"ASV4123",1,1
"ASV4124",1,1
"ASV4125",1,1
"ASV4126",1,1
"ASV4127",1,1
"ASV4128",1,1
"ASV4130",1,1
"ASV4132",1,1
"ASV4133",1,1
"ASV4134",1,1
"ASV4135",1,1
"ASV4136",1,1
"ASV4137",1,1
"ASV4138",1,1
"ASV414",1,1
"ASV4140",1,1
"ASV4141",1,1
"ASV4142",1,1
"ASV4143",1,1
"ASV4144",1,1
"ASV4145",1,1
"ASV4146",1,1
"ASV4147",1,1
"ASV4148",1,1
"ASV4149",1,1
"ASV415",1,1
"ASV4150",1,1
"ASV4151",1,1
"ASV4152",1,1
"ASV4153",1,1
"ASV4154",1,1
"ASV4155",1,1
"ASV4156",1,1
"ASV4157",1,1
"ASV4158",1,1
"ASV4159",1,1
"ASV4160",1,1
"ASV4161",1,1
"ASV4162",1,1
"ASV4163",1,1
"ASV4164",1,1
"ASV4165",1,1
"ASV4166",1,1
"ASV4167",1,1
"ASV4168",1,1
"ASV417",NA,NA
"ASV4172",1,1
"ASV4173",1,1
"ASV4174",1,1
"ASV4175",1,1
"ASV4176",1,1
"ASV4177",1,1
"ASV4179",1,1
"ASV418",1,1
"ASV4180",1,1
"ASV4181",1,1
"ASV4182",1,1
"ASV4183",1,1
"ASV4186",1,1
"ASV4187",1,1
"ASV4188",1,1
"ASV4191",1,1
"ASV4192",1,1
"ASV4194",1,1
"ASV4195",1,1
"ASV4196",1,1
"ASV4197",1,1
"ASV4198",1,1
"ASV4199",1,1
"ASV42",1,1
"ASV420",1,1
"ASV4200",1,1
"ASV4201",1,1
"ASV4202",1,1
"ASV4203",1,1
"ASV4204",1,1
"ASV4205",1,1
"ASV4206",1,1
"ASV4207",1,1
"ASV4208",1,1
"ASV4209",1,1
"ASV421",1,1
"ASV4210",1,1
"ASV4211",1,1
"ASV4212",1,1
"ASV4213",1,1
"ASV4214",1,1
"ASV4215",1,1
"ASV4216",1,1
"ASV4218",1,1
"ASV4220",1,1
"ASV4221",1,1
"ASV4223",1,1
"ASV4224",1,1
"ASV4225",1,1
"ASV4228",1,1
"ASV4229",1,1
"ASV423",1,1
"ASV4232",1,1
"ASV4233",1,1
"ASV4234",1,1
"ASV4235",1,1
"ASV4236",1,1
"ASV4237",1,1
"ASV4238",1,1
"ASV4239",1,1
"ASV424",1,1
"ASV4240",1,1
"ASV4242",1,1
"ASV4243",1,1
"ASV4244",1,1
"ASV4245",NA,NA
"ASV4246",1,1
"ASV4247",1,1
"ASV4248",1,1
"ASV4249",1,1
"ASV4250",1,1
"ASV4251",1,1
"ASV4252",1,1
"ASV4253",1,1
"ASV4255",1,1
"ASV4256",1,1
"ASV4257",1,1
"ASV4258",1,1
"ASV426",1,1
"ASV4260",1,1
"ASV4261",1,1
"ASV4262",1,1
"ASV4263",1,1
"ASV4264",1,1
"ASV4267",1,1
"ASV4268",1,1
"ASV4269",NA,NA
"ASV4270",1,1
"ASV4271",1,1
"ASV4274",1,1
"ASV4275",1,1
"ASV4276",1,1
"ASV4277",1,1
"ASV4278",1,1
"ASV4279",1,1
"ASV428",NA,NA
"ASV4280",1,1
"ASV4281",1,1
"ASV4282",1,1
"ASV4283",1,1
"ASV4285",1,1
"ASV4286",1,1
"ASV4287",1,1
"ASV4288",1,1
"ASV4289",1,1
"ASV429",1,1
"ASV4290",1,1
"ASV4291",1,1
"ASV4292",1,1
"ASV4294",1,1
"ASV4295",1,1
"ASV4296",1,1
"ASV4297",1,1
"ASV4298",1,1
"ASV4299",1,1
"ASV43",1,1
"ASV430",1,1
"ASV4300",1,1
"ASV4301",1,1
"ASV4302",1,1
"ASV4303",1,1
"ASV4306",1,1
"ASV4307",1,1
"ASV4308",1,1
"ASV4309",1,1
"ASV431",1,1
"ASV4310",1,1
"ASV4311",1,1
"ASV4312",1,1
"ASV4314",1,1
"ASV4315",1,1
"ASV4316",1,1
"ASV4319",1,1
"ASV432",1,1
"ASV4320",1,1
"ASV4321",1,1
"ASV4322",1,1
"ASV4323",1,1
"ASV4325",1,1
"ASV4326",1,1
"ASV4327",1,1
"ASV4328",1,1
"ASV4329",1,1
"ASV433",1,1
"ASV4330",1,1
"ASV4331",1,1
"ASV4333",1,1
"ASV4334",1,1
"ASV4335",1,1
"ASV4336",1,1
"ASV4337",1,1
"ASV4338",1,1
"ASV4339",1,1
"ASV434",1,1
"ASV4340",1,1
"ASV4341",1,1
"ASV4343",1,1
"ASV4344",1,1
"ASV4345",1,1
"ASV4346",1,1
"ASV4348",1,1
"ASV4349",1,1
"ASV435",NA,NA
"ASV4350",1,1
"ASV4351",1,1
"ASV4352",1,1
"ASV4355",1,1
"ASV4356",1,1
"ASV4357",1,1
"ASV4358",1,1
"ASV4359",1,1
"ASV436",NA,NA
"ASV4360",1,1
"ASV4361",1,1
"ASV4362",1,1
"ASV4363",1,1
"ASV4364",1,1
"ASV4365",1,1
"ASV4367",1,1
"ASV4368",1,1
"ASV4369",1,1
"ASV437",1,1
"ASV4370",1,1
"ASV4371",1,1
"ASV4372",1,1
"ASV4374",1,1
"ASV4375",1,1
"ASV4376",1,1
"ASV4378",1,1
"ASV4379",1,1
"ASV438",1,1
"ASV4380",1,1
"ASV4381",1,1
"ASV4382",1,1
"ASV4383",1,1
"ASV4384",1,1
"ASV4385",1,1
"ASV4387",1,1
"ASV4389",1,1
"ASV439",NA,NA
"ASV4390",1,1
"ASV4391",1,1
"ASV4392",1,1
"ASV4393",1,1
"ASV4394",1,1
"ASV4395",1,1
"ASV4396",1,1
"ASV4398",1,1
"ASV4399",1,1
"ASV44",NA,NA
"ASV440",1,1
"ASV4400",1,1
"ASV4401",1,1
"ASV4402",1,1
"ASV4404",1,1
"ASV4405",1,1
"ASV4406",1,1
"ASV4407",1,1
"ASV4408",1,1
"ASV4409",1,1
"ASV441",1,1
"ASV4410",1,1
"ASV4411",1,1
"ASV4412",1,1
"ASV4413",1,1
"ASV4414",1,1
"ASV4415",1,1
"ASV4416",1,1
"ASV4417",1,1
"ASV4418",1,1
"ASV4419",1,1
"ASV4420",1,1
"ASV4421",1,1
"ASV4422",1,1
"ASV4423",1,1
"ASV4424",1,1
"ASV4425",1,1
"ASV4426",1,1
"ASV4427",1,1
"ASV4428",1,1
"ASV4429",1,1
"ASV443",1,1
"ASV4430",1,1
"ASV4432",1,1
"ASV4436",1,1
"ASV4437",1,1
"ASV4439",1,1
"ASV444",1,1
"ASV4440",1,1
"ASV4441",1,1
"ASV4442",1,1
"ASV4443",1,1
"ASV4444",1,1
"ASV4445",1,1
"ASV4446",1,1
"ASV4447",1,1
"ASV4448",1,1
"ASV4450",1,1
"ASV4451",1,1
"ASV4452",1,1
"ASV4453",1,1
"ASV4454",1,1
"ASV4455",1,1
"ASV4456",1,1
"ASV4457",1,1
"ASV4458",1,1
"ASV4459",1,1
"ASV4460",1,1
"ASV4461",1,1
"ASV4462",1,1
"ASV4463",1,1
"ASV4464",1,1
"ASV4465",1,1
"ASV4466",1,1
"ASV4467",1,1
"ASV4468",1,1
"ASV4469",1,1
"ASV447",1,1
"ASV4470",1,1
"ASV4471",1,1
"ASV4472",1,1
"ASV4473",1,1
"ASV4474",1,1
"ASV4475",1,1
"ASV4476",1,1
"ASV4477",1,1
"ASV4478",1,1
"ASV4479",1,1
"ASV4481",1,1
"ASV4483",1,1
"ASV4484",1,1
"ASV4485",NA,NA
"ASV4486",NA,NA
"ASV4487",1,1
"ASV4489",1,1
"ASV4490",1,1
"ASV4491",1,1
"ASV4492",1,1
"ASV4493",1,1
"ASV4494",1,1
"ASV4495",1,1
"ASV4496",1,1
"ASV4497",1,1
"ASV4498",1,1
"ASV4499",1,1
"ASV45",1,1
"ASV450",1,1
"ASV4500",1,1
"ASV4501",1,1
"ASV4502",1,1
"ASV4503",1,1
"ASV4504",1,1
"ASV4505",1,1
"ASV4506",1,1
"ASV4507",1,1
"ASV4508",1,1
"ASV4509",1,1
"ASV451",1,1
"ASV4510",1,1
"ASV4511",1,1
"ASV4512",1,1
"ASV4513",1,1
"ASV4514",1,1
"ASV4515",1,1
"ASV4516",1,1
"ASV4517",1,1
"ASV4518",1,1
"ASV4519",1,1
"ASV452",NA,NA
"ASV4520",NA,NA
"ASV4521",1,1
"ASV4524",1,1
"ASV4525",1,1
"ASV4526",1,1
"ASV4527",1,1
"ASV4528",1,1
"ASV4529",1,1
"ASV453",1,1
"ASV4531",1,1
"ASV4532",1,1
"ASV4533",1,1
"ASV4534",1,1
"ASV4535",1,1
"ASV4536",1,1
"ASV4537",1,1
"ASV4538",1,1
"ASV454",1,1
"ASV4540",1,1
"ASV4541",1,1
"ASV4542",1,1
"ASV4543",1,1
"ASV4544",1,1
"ASV4545",1,1
"ASV4546",1,1
"ASV4547",1,1
"ASV4548",1,1
"ASV4549",1,1
"ASV455",1,1
"ASV4550",1,1
"ASV4552",1,1
"ASV4553",1,1
"ASV4554",1,1
"ASV4556",1,1
"ASV4557",1,1
"ASV4558",1,1
"ASV4559",1,1
"ASV456",1,1
"ASV4560",1,1
"ASV4561",1,1
"ASV4562",1,1
"ASV4564",1,1
"ASV4565",1,1
"ASV4566",1,1
"ASV4567",1,1
"ASV4568",1,1
"ASV457",NA,NA
"ASV4570",1,1
"ASV4571",1,1
"ASV4572",1,1
"ASV4573",1,1
"ASV4574",1,1
"ASV4575",1,1
"ASV4576",1,1
"ASV4577",1,1
"ASV4578",1,1
"ASV4579",1,1
"ASV458",1,1
"ASV4580",1,1
"ASV4581",1,1
"ASV4582",1,1
"ASV4583",1,1
"ASV4584",1,1
"ASV4585",1,1
"ASV4586",1,1
"ASV4587",1,1
"ASV459",1,1
"ASV4590",1,1
"ASV4591",1,1
"ASV4592",1,1
"ASV4593",1,1
"ASV4594",1,1
"ASV4595",1,1
"ASV4596",1,1
"ASV4597",1,1
"ASV4599",1,1
"ASV46",1,1
"ASV460",1,1
"ASV4600",1,1
"ASV4601",1,1
"ASV4602",1,1
"ASV4603",1,1
"ASV4604",1,1
"ASV4605",1,1
"ASV4606",1,1
"ASV4608",1,1
"ASV4609",1,1
"ASV461",NA,NA
"ASV4610",1,1
"ASV4611",1,1
"ASV4612",1,1
"ASV4613",1,1
"ASV4614",1,1
"ASV4615",1,1
"ASV4616",1,1
"ASV4617",1,1
"ASV4619",1,1
"ASV462",1,1
"ASV4620",1,1
"ASV4621",1,1
"ASV4622",1,1
"ASV4623",1,1
"ASV4625",1,1
"ASV4626",1,1
"ASV4627",1,1
"ASV4628",1,1
"ASV4629",1,1
"ASV463",NA,NA
"ASV4630",1,1
"ASV4631",1,1
"ASV4635",1,1
"ASV4636",1,1
"ASV4637",1,1
"ASV4638",1,1
"ASV4639",1,1
"ASV464",1,1
"ASV4640",1,1
"ASV4641",1,1
"ASV4643",1,1
"ASV4644",1,1
"ASV4645",1,1
"ASV4646",1,1
"ASV4647",1,1
"ASV4648",1,1
"ASV4649",1,1
"ASV465",1,1
"ASV4650",1,1
"ASV4651",1,1
"ASV4652",1,1
"ASV4656",1,1
"ASV4658",1,1
"ASV4659",1,1
"ASV466",1,1
"ASV4660",1,1
"ASV4661",1,1
"ASV4663",1,1
"ASV4664",1,1
"ASV4666",1,1
"ASV4667",1,1
"ASV4668",1,1
"ASV4669",1,1
"ASV467",1,1
"ASV4671",1,1
"ASV4672",1,1
"ASV4673",1,1
"ASV4674",1,1
"ASV4675",1,1
"ASV4676",1,1
"ASV4678",1,1
"ASV468",1,1
"ASV4681",1,1
"ASV4682",1,1
"ASV4683",1,1
"ASV4684",1,1
"ASV4685",1,1
"ASV4686",1,1
"ASV4687",1,1
"ASV4688",1,1
"ASV4689",1,1
"ASV469",1,1
"ASV4690",1,1
"ASV4691",1,1
"ASV4692",1,1
"ASV4693",1,1
"ASV4694",1,1
"ASV4695",1,1
"ASV4696",1,1
"ASV4697",1,1
"ASV4698",1,1
"ASV4699",1,1
"ASV47",NA,NA
"ASV470",NA,NA
"ASV4700",1,1
"ASV4701",1,1
"ASV4702",1,1
"ASV4703",1,1
"ASV4704",1,1
"ASV4705",1,1
"ASV4706",1,1
"ASV4707",1,1
"ASV4708",1,1
"ASV4709",1,1
"ASV471",1,1
"ASV4710",1,1
"ASV4712",1,1
"ASV4713",1,1
"ASV4714",1,1
"ASV4715",1,1
"ASV4716",1,1
"ASV4717",1,1
"ASV4719",1,1
"ASV472",1,1
"ASV4720",1,1
"ASV4721",1,1
"ASV4722",1,1
"ASV4723",1,1
"ASV4724",1,1
"ASV4725",1,1
"ASV4726",1,1
"ASV4727",1,1
"ASV4728",1,1
"ASV4729",1,1
"ASV473",1,1
"ASV4730",1,1
"ASV4731",1,1
"ASV4732",1,1
"ASV4733",1,1
"ASV4734",1,1
"ASV4735",1,1
"ASV4736",1,1
"ASV4737",1,1
"ASV4738",1,1
"ASV4739",1,1
"ASV4741",1,1
"ASV4742",1,1
"ASV4743",1,1
"ASV4744",NA,NA
"ASV4746",NA,NA
"ASV4747",1,1
"ASV4748",1,1
"ASV4749",1,1
"ASV475",1,1
"ASV4750",1,1
"ASV4751",1,1
"ASV4753",1,1
"ASV4754",1,1
"ASV4755",1,1
"ASV4757",1,1
"ASV4758",1,1
"ASV4759",1,1
"ASV476",1,1
"ASV4760",1,1
"ASV4761",1,1
"ASV4762",1,1
"ASV4763",1,1
"ASV4764",1,1
"ASV4765",1,1
"ASV4768",1,1
"ASV4769",1,1
"ASV477",1,1
"ASV4770",1,1
"ASV4771",1,1
"ASV4772",1,1
"ASV4774",1,1
"ASV4775",1,1
"ASV4776",1,1
"ASV4777",1,1
"ASV4778",1,1
"ASV4779",1,1
"ASV478",1,1
"ASV4780",1,1
"ASV4781",1,1
"ASV4782",1,1
"ASV4784",1,1
"ASV4785",1,1
"ASV4786",1,1
"ASV4788",1,1
"ASV4789",1,1
"ASV479",1,1
"ASV4790",1,1
"ASV4791",1,1
"ASV4792",1,1
"ASV4794",1,1
"ASV4795",1,1
"ASV4796",1,1
"ASV4797",1,1
"ASV4798",1,1
"ASV4799",1,1
"ASV48",1,1
"ASV480",1,1
"ASV4800",1,1
"ASV4801",1,1
"ASV4802",1,1
"ASV4803",1,1
"ASV4804",1,1
"ASV4805",1,1
"ASV4806",1,1
"ASV4807",1,1
"ASV4808",1,1
"ASV4809",1,1
"ASV4810",1,1
"ASV4811",1,1
"ASV4812",1,1
"ASV4813",1,1
"ASV4814",1,1
"ASV4815",1,1
"ASV4816",1,1
"ASV4817",1,1
"ASV4818",1,1
"ASV482",NA,NA
"ASV4820",1,1
"ASV4821",1,1
"ASV4822",1,1
"ASV4823",1,1
"ASV4824",1,1
"ASV4825",1,1
"ASV4826",1,1
"ASV4827",1,1
"ASV4828",1,1
"ASV4829",1,1
"ASV483",1,1
"ASV4830",1,1
"ASV4831",1,1
"ASV4832",1,1
"ASV4833",1,1
"ASV4834",1,1
"ASV4836",1,1
"ASV4838",1,1
"ASV4839",1,1
"ASV484",1,1
"ASV4840",1,1
"ASV4841",1,1
"ASV4842",1,1
"ASV4844",1,1
"ASV4845",1,1
"ASV4846",1,1
"ASV4847",1,1
"ASV4848",1,1
"ASV4849",1,1
"ASV485",1,1
"ASV4851",1,1
"ASV4852",1,1
"ASV4853",1,1
"ASV4854",1,1
"ASV4856",1,1
"ASV4857",1,1
"ASV4858",1,1
"ASV4859",1,1
"ASV486",1,1
"ASV4860",1,1
"ASV4861",1,1
"ASV4864",1,1
"ASV4865",1,1
"ASV4866",1,1
"ASV4867",1,1
"ASV4869",1,1
"ASV487",1,1
"ASV4870",1,1
"ASV4871",1,1
"ASV4872",1,1
"ASV4873",1,1
"ASV4874",1,1
"ASV4875",1,1
"ASV4876",1,1
"ASV4877",1,1
"ASV4878",1,1
"ASV4879",1,1
"ASV488",1,1
"ASV4880",1,1
"ASV4882",1,1
"ASV4883",1,1
"ASV4884",1,1
"ASV4885",1,1
"ASV4886",1,1
"ASV4887",1,1
"ASV4889",1,1
"ASV489",1,1
"ASV4890",1,1
"ASV4891",1,1
"ASV4892",1,1
"ASV4893",1,1
"ASV4894",1,1
"ASV4895",1,1
"ASV4896",1,1
"ASV4897",1,1
"ASV4898",1,1
"ASV4899",1,1
"ASV49",1,1
"ASV490",1,1
"ASV4900",1,1
"ASV4901",1,1
"ASV4903",1,1
"ASV4904",1,1
"ASV4905",1,1
"ASV4906",1,1
"ASV4907",1,1
"ASV4908",1,1
"ASV4909",1,1
"ASV491",1,1
"ASV4910",1,1
"ASV4911",1,1
"ASV4912",1,1
"ASV4913",1,1
"ASV4914",1,1
"ASV4915",1,1
"ASV4917",1,1
"ASV4918",1,1
"ASV4919",1,1
"ASV492",1,1
"ASV4920",1,1
"ASV4921",1,1
"ASV4922",1,1
"ASV4923",1,1
"ASV4924",1,1
"ASV4925",1,1
"ASV4926",1,1
"ASV4927",1,1
"ASV4928",1,1
"ASV4929",1,1
"ASV493",1,1
"ASV4931",1,1
"ASV4932",1,1
"ASV4933",1,1
"ASV4934",1,1
"ASV4935",1,1
"ASV4936",1,1
"ASV4937",1,1
"ASV4938",1,1
"ASV4940",1,1
"ASV4941",1,1
"ASV4942",1,1
"ASV4943",1,1
"ASV4944",1,1
"ASV4945",1,1
"ASV4946",1,1
"ASV4947",1,1
"ASV4949",1,1
"ASV495",1,1
"ASV4951",1,1
"ASV4952",1,1
"ASV4953",1,1
"ASV4954",1,1
"ASV4956",1,1
"ASV496",1,1
"ASV4960",1,1
"ASV4961",1,1
"ASV4962",1,1
"ASV4963",1,1
"ASV4964",1,1
"ASV4965",1,1
"ASV4966",1,1
"ASV4967",1,1
"ASV4968",1,1
"ASV4969",1,1
"ASV497",1,1
"ASV4970",1,1
"ASV4971",1,1
"ASV4972",1,1
"ASV4973",1,1
"ASV4974",1,1
"ASV4975",1,1
"ASV4976",1,1
"ASV4977",1,1
"ASV4978",1,1
"ASV4979",1,1
"ASV498",1,1
"ASV4980",1,1
"ASV4981",1,1
"ASV4982",1,1
"ASV4983",1,1
"ASV4984",1,1
"ASV4986",1,1
"ASV4988",1,1
"ASV4989",1,1
"ASV499",1,1
"ASV4990",1,1
"ASV4991",1,1
"ASV4992",1,1
"ASV4993",1,1
"ASV4994",1,1
"ASV4995",1,1
"ASV4996",1,1
"ASV4997",1,1
"ASV4998",1,1
"ASV4999",1,1
"ASV5",1,1
"ASV50",1,1
"ASV500",1,1
"ASV5000",1,1
"ASV5001",1,1
"ASV5002",1,1
"ASV5003",1,1
"ASV5004",1,1
"ASV5005",1,1
"ASV5006",1,1
"ASV5008",1,1
"ASV5009",1,1
"ASV501",1,1
"ASV5010",1,1
"ASV5011",1,1
"ASV5012",1,1
"ASV5013",1,1
"ASV5014",1,1
"ASV5015",1,1
"ASV5016",1,1
"ASV5017",1,1
"ASV5018",1,1
"ASV5019",1,1
"ASV502",1,1
"ASV5020",1,1
"ASV5021",1,1
"ASV5022",1,1
"ASV5023",1,1
"ASV5024",1,1
"ASV5025",1,1
"ASV5027",1,1
"ASV5028",1,1
"ASV5029",1,1
"ASV503",1,1
"ASV5030",1,1
"ASV5031",1,1
"ASV5032",1,1
"ASV5033",1,1
"ASV5034",1,1
"ASV5035",1,1
"ASV5036",1,1
"ASV5037",1,1
"ASV5038",1,1
"ASV5039",1,1
"ASV5040",1,1
"ASV5041",1,1
"ASV5042",1,1
"ASV5044",1,1
"ASV5045",1,1
"ASV5046",1,1
"ASV5047",1,1
"ASV5048",1,1
"ASV5049",1,1
"ASV5050",1,1
"ASV5051",1,1
"ASV5052",1,1
"ASV5054",1,1
"ASV5056",1,1
"ASV5058",1,1
"ASV5059",1,1
"ASV506",1,1
"ASV5060",1,1
"ASV5061",1,1
"ASV5063",1,1
"ASV5064",1,1
"ASV5065",1,1
"ASV5066",1,1
"ASV5067",1,1
"ASV5068",1,1
"ASV5069",1,1
"ASV5070",1,1
"ASV5071",1,1
"ASV5072",1,1
"ASV5073",1,1
"ASV5075",1,1
"ASV5076",1,1
"ASV5077",1,1
"ASV5079",1,1
"ASV508",1,1
"ASV5081",1,1
"ASV5082",1,1
"ASV5083",1,1
"ASV5084",1,1
"ASV5085",1,1
"ASV5086",1,1
"ASV5087",1,1
"ASV509",1,1
"ASV5090",1,1
"ASV5091",1,1
"ASV5092",1,1
"ASV5093",1,1
"ASV5094",1,1
"ASV5095",1,1
"ASV5096",1,1
"ASV5097",1,1
"ASV5098",1,1
"ASV5099",1,1
"ASV510",1,1
"ASV5100",1,1
"ASV5101",1,1
"ASV5102",1,1
"ASV5103",1,1
"ASV5104",1,1
"ASV5105",1,1
"ASV5106",1,1
"ASV5107",1,1
"ASV5109",1,1
"ASV511",1,1
"ASV5110",1,1
"ASV5113",1,1
"ASV5114",1,1
"ASV5115",1,1
"ASV5116",1,1
"ASV5117",1,1
"ASV5118",1,1
"ASV5119",1,1
"ASV512",1,1
"ASV5120",1,1
"ASV5121",1,1
"ASV5122",1,1
"ASV5123",1,1
"ASV5125",1,1
"ASV5126",1,1
"ASV5129",1,1
"ASV5130",1,1
"ASV5131",1,1
"ASV5132",1,1
"ASV5133",1,1
"ASV5134",1,1
"ASV5135",1,1
"ASV5136",1,1
"ASV5137",1,1
"ASV5138",1,1
"ASV5139",1,1
"ASV514",1,1
"ASV5140",1,1
"ASV5141",1,1
"ASV5143",1,1
"ASV5144",1,1
"ASV5145",1,1
"ASV5147",1,1
"ASV5148",1,1
"ASV5149",1,1
"ASV515",1,1
"ASV5150",1,1
"ASV5151",1,1
"ASV5152",1,1
"ASV5153",1,1
"ASV5154",1,1
"ASV5155",1,1
"ASV5156",1,1
"ASV5157",1,1
"ASV5158",1,1
"ASV5159",1,1
"ASV5160",1,1
"ASV5161",1,1
"ASV5162",1,1
"ASV5163",1,1
"ASV5164",1,1
"ASV5165",1,1
"ASV5166",1,1
"ASV5167",1,1
"ASV5168",1,1
"ASV5169",1,1
"ASV517",1,1
"ASV5170",1,1
"ASV5171",1,1
"ASV5177",1,1
"ASV5178",1,1
"ASV5179",1,1
"ASV518",1,1
"ASV5180",1,1
"ASV5181",1,1
"ASV5184",1,1
"ASV5185",1,1
"ASV5186",1,1
"ASV5187",1,1
"ASV5188",1,1
"ASV5189",1,1
"ASV5190",1,1
"ASV5191",1,1
"ASV5192",1,1
"ASV5193",1,1
"ASV5194",1,1
"ASV5195",1,1
"ASV5196",1,1
"ASV5197",1,1
"ASV5198",1,1
"ASV5199",1,1
"ASV52",1,1
"ASV520",1,1
"ASV5201",1,1
"ASV5202",1,1
"ASV5203",1,1
"ASV5204",1,1
"ASV5205",1,1
"ASV5206",1,1
"ASV5209",1,1
"ASV521",1,1
"ASV5211",1,1
"ASV5212",1,1
"ASV5213",1,1
"ASV5214",1,1
"ASV5215",1,1
"ASV5216",1,1
"ASV5218",1,1
"ASV5219",1,1
"ASV5220",1,1
"ASV5221",1,1
"ASV5222",1,1
"ASV5224",1,1
"ASV5226",1,1
"ASV5227",1,1
"ASV5228",1,1
"ASV5229",1,1
"ASV5230",1,1
"ASV5231",1,1
"ASV5232",1,1
"ASV5233",1,1
"ASV5234",1,1
"ASV5235",1,1
"ASV5236",1,1
"ASV5237",1,1
"ASV5238",1,1
"ASV5239",1,1
"ASV524",NA,NA
"ASV5240",1,1
"ASV5241",1,1
"ASV5242",1,1
"ASV5243",1,1
"ASV5244",1,1
"ASV5245",1,1
"ASV5246",1,1
"ASV5247",1,1
"ASV5248",1,1
"ASV5249",1,1
"ASV5250",1,1
"ASV5251",1,1
"ASV5252",1,1
"ASV5254",1,1
"ASV5255",1,1
"ASV5256",1,1
"ASV5257",1,1
"ASV5259",1,1
"ASV5260",1,1
"ASV5261",1,1
"ASV5262",1,1
"ASV5266",1,1
"ASV5267",1,1
"ASV5268",1,1
"ASV5269",1,1
"ASV527",1,1
"ASV5270",1,1
"ASV5271",1,1
"ASV5272",1,1
"ASV5273",1,1
"ASV5274",1,1
"ASV5275",1,1
"ASV5276",1,1
"ASV5277",1,1
"ASV5278",1,1
"ASV5279",1,1
"ASV5280",1,1
"ASV5281",1,1
"ASV5282",1,1
"ASV5284",1,1
"ASV5285",1,1
"ASV5286",1,1
"ASV5287",1,1
"ASV5288",1,1
"ASV5289",1,1
"ASV529",1,1
"ASV5290",1,1
"ASV5293",1,1
"ASV5295",1,1
"ASV5296",1,1
"ASV5297",1,1
"ASV5298",1,1
"ASV5299",1,1
"ASV53",1,1
"ASV530",NA,NA
"ASV5300",1,1
"ASV5301",1,1
"ASV5302",1,1
"ASV5303",1,1
"ASV5304",1,1
"ASV5305",1,1
"ASV5306",1,1
"ASV5307",1,1
"ASV5308",1,1
"ASV5309",1,1
"ASV531",1,1
"ASV5310",1,1
"ASV5311",1,1
"ASV5312",1,1
"ASV5313",1,1
"ASV5314",1,1
"ASV5315",1,1
"ASV5316",1,1
"ASV5317",1,1
"ASV5318",1,1
"ASV5319",1,1
"ASV532",1,1
"ASV5320",1,1
"ASV5321",1,1
"ASV5322",1,1
"ASV5323",1,1
"ASV5324",1,1
"ASV5325",1,1
"ASV5326",1,1
"ASV5327",1,1
"ASV5328",1,1
"ASV5329",1,1
"ASV533",1,1
"ASV5330",1,1
"ASV5331",1,1
"ASV5333",1,1
"ASV5334",1,1
"ASV5335",1,1
"ASV5336",1,1
"ASV5337",1,1
"ASV5338",1,1
"ASV5339",1,1
"ASV534",1,1
"ASV5340",1,1
"ASV5341",1,1
"ASV5342",1,1
"ASV5343",1,1
"ASV5344",1,1
"ASV5346",1,1
"ASV5347",1,1
"ASV5348",1,1
"ASV5349",1,1
"ASV535",1,1
"ASV5350",1,1
"ASV5352",1,1
"ASV5353",1,1
"ASV5354",1,1
"ASV5355",1,1
"ASV5357",1,1
"ASV5358",1,1
"ASV536",1,1
"ASV5360",1,1
"ASV5361",1,1
"ASV5362",1,1
"ASV5364",1,1
"ASV5366",1,1
"ASV5367",NA,NA
"ASV5368",1,1
"ASV5369",1,1
"ASV537",NA,NA
"ASV5370",1,1
"ASV5371",1,1
"ASV5373",1,1
"ASV5374",1,1
"ASV5375",1,1
"ASV5376",1,1
"ASV5377",1,1
"ASV5378",1,1
"ASV5379",1,1
"ASV538",1,1
"ASV5380",1,1
"ASV5381",1,1
"ASV5383",1,1
"ASV5384",1,1
"ASV5385",1,1
"ASV5386",1,1
"ASV5387",1,1
"ASV5388",1,1
"ASV5389",1,1
"ASV539",1,1
"ASV5390",1,1
"ASV5391",1,1
"ASV5392",1,1
"ASV5393",1,1
"ASV5394",1,1
"ASV5395",1,1
"ASV5396",1,1
"ASV5397",1,1
"ASV5398",1,1
"ASV5399",1,1
"ASV54",1,1
"ASV540",1,1
"ASV5400",1,1
"ASV5402",1,1
"ASV5403",1,1
"ASV5404",1,1
"ASV5405",1,1
"ASV5406",1,1
"ASV5407",1,1
"ASV5409",1,1
"ASV541",1,1
"ASV5410",1,1
"ASV5411",1,1
"ASV5412",1,1
"ASV5413",1,1
"ASV5414",1,1
"ASV5415",1,1
"ASV5416",1,1
"ASV5417",1,1
"ASV5418",1,1
"ASV542",1,1
"ASV5421",1,1
"ASV5422",1,1
"ASV5423",1,1
"ASV5424",1,1
"ASV5426",1,1
"ASV5427",1,1
"ASV5429",1,1
"ASV543",NA,NA
"ASV5430",1,1
"ASV5431",1,1
"ASV5432",1,1
"ASV5433",1,1
"ASV5434",1,1
"ASV5436",1,1
"ASV5437",1,1
"ASV5438",1,1
"ASV5439",1,1
"ASV5440",1,1
"ASV5441",1,1
"ASV5442",1,1
"ASV5444",1,1
"ASV5445",1,1
"ASV5446",1,1
"ASV5447",1,1
"ASV5448",1,1
"ASV5449",1,1
"ASV545",1,1
"ASV5450",1,1
"ASV5451",1,1
"ASV5452",1,1
"ASV5454",1,1
"ASV5455",1,1
"ASV5456",1,1
"ASV5457",1,1
"ASV5458",1,1
"ASV5459",1,1
"ASV546",1,1
"ASV5460",1,1
"ASV5461",1,1
"ASV5462",1,1
"ASV5464",1,1
"ASV5465",1,1
"ASV5466",1,1
"ASV5467",1,1
"ASV5468",1,1
"ASV5469",1,1
"ASV547",1,1
"ASV5471",1,1
"ASV5473",1,1
"ASV5474",1,1
"ASV5475",1,1
"ASV5476",1,1
"ASV5477",1,1
"ASV5478",1,1
"ASV5479",1,1
"ASV5480",1,1
"ASV5481",1,1
"ASV5482",1,1
"ASV5484",1,1
"ASV5485",1,1
"ASV5486",1,1
"ASV5488",1,1
"ASV5489",1,1
"ASV549",1,1
"ASV5490",1,1
"ASV5491",1,1
"ASV5493",1,1
"ASV5495",1,1
"ASV5496",1,1
"ASV5497",1,1
"ASV5498",1,1
"ASV5499",1,1
"ASV55",1,1
"ASV550",1,1
"ASV5500",1,1
"ASV5501",1,1
"ASV5503",1,1
"ASV5505",1,1
"ASV5506",1,1
"ASV5507",1,1
"ASV5508",1,1
"ASV5509",1,1
"ASV551",1,1
"ASV5510",1,1
"ASV5511",1,1
"ASV5512",1,1
"ASV5514",1,1
"ASV5515",1,1
"ASV5516",1,1
"ASV5517",1,1
"ASV5518",1,1
"ASV5519",1,1
"ASV5520",1,1
"ASV5521",1,1
"ASV5522",1,1
"ASV5523",1,1
"ASV5525",1,1
"ASV5527",1,1
"ASV5528",1,1
"ASV5529",1,1
"ASV5530",1,1
"ASV5531",1,1
"ASV5532",1,1
"ASV5533",1,1
"ASV5534",1,1
"ASV5535",1,1
"ASV5536",1,1
"ASV5537",1,1
"ASV5538",1,1
"ASV5539",1,1
"ASV5540",1,1
"ASV5541",1,1
"ASV5542",1,1
"ASV5543",1,1
"ASV5544",1,1
"ASV5545",1,1
"ASV5546",1,1
"ASV5547",1,1
"ASV5549",1,1
"ASV5550",1,1
"ASV5552",1,1
"ASV5553",1,1
"ASV5555",1,1
"ASV5556",1,1
"ASV5557",1,1
"ASV5559",1,1
"ASV556",NA,NA
"ASV5560",1,1
"ASV5561",1,1
"ASV5562",1,1
"ASV5563",1,1
"ASV5564",1,1
"ASV5565",1,1
"ASV5566",1,1
"ASV5567",1,1
"ASV5568",1,1
"ASV5569",1,1
"ASV557",1,1
"ASV5570",1,1
"ASV5571",1,1
"ASV5572",1,1
"ASV5573",1,1
"ASV5574",1,1
"ASV5575",1,1
"ASV5576",1,1
"ASV5577",1,1
"ASV5578",1,1
"ASV5580",1,1
"ASV5581",1,1
"ASV5582",1,1
"ASV5583",1,1
"ASV5584",1,1
"ASV5585",1,1
"ASV5586",1,1
"ASV5587",1,1
"ASV5589",1,1
"ASV559",1,1
"ASV5590",1,1
"ASV5591",1,1
"ASV5592",1,1
"ASV5593",1,1
"ASV5594",1,1
"ASV5595",1,1
"ASV5596",1,1
"ASV5597",1,1
"ASV5598",1,1
"ASV5599",1,1
"ASV56",1,1
"ASV560",1,1
"ASV5600",1,1
"ASV5602",1,1
"ASV5603",1,1
"ASV5604",1,1
"ASV5605",1,1
"ASV5606",1,1
"ASV5607",1,1
"ASV5608",1,1
"ASV561",1,1
"ASV5610",1,1
"ASV5611",1,1
"ASV5612",1,1
"ASV5613",1,1
"ASV5614",1,1
"ASV5617",1,1
"ASV5618",1,1
"ASV5619",1,1
"ASV562",1,1
"ASV5620",1,1
"ASV5621",1,1
"ASV5622",1,1
"ASV5624",1,1
"ASV5625",1,1
"ASV5626",1,1
"ASV5627",1,1
"ASV5628",1,1
"ASV5629",1,1
"ASV563",1,1
"ASV5630",1,1
"ASV5631",1,1
"ASV5632",1,1
"ASV5633",1,1
"ASV5634",1,1
"ASV5635",1,1
"ASV5637",1,1
"ASV5638",1,1
"ASV5639",1,1
"ASV564",NA,NA
"ASV5640",1,1
"ASV5641",1,1
"ASV5642",1,1
"ASV5643",1,1
"ASV5644",1,1
"ASV5645",1,1
"ASV5646",1,1
"ASV5647",1,1
"ASV5648",1,1
"ASV5649",1,1
"ASV565",1,1
"ASV5650",1,1
"ASV5651",1,1
"ASV5652",1,1
"ASV5653",1,1
"ASV5655",1,1
"ASV5656",1,1
"ASV5657",1,1
"ASV5658",1,1
"ASV5659",1,1
"ASV5660",1,1
"ASV5661",1,1
"ASV5662",1,1
"ASV5663",1,1
"ASV5664",1,1
"ASV5665",1,1
"ASV5666",1,1
"ASV5668",1,1
"ASV5669",1,1
"ASV5670",1,1
"ASV5671",1,1
"ASV5672",1,1
"ASV5673",1,1
"ASV5674",1,1
"ASV5675",1,1
"ASV5676",1,1
"ASV5678",1,1
"ASV5679",1,1
"ASV568",1,1
"ASV5681",1,1
"ASV5682",1,1
"ASV5683",1,1
"ASV5684",1,1
"ASV5685",1,1
"ASV5686",1,1
"ASV5687",1,1
"ASV5688",1,1
"ASV5689",1,1
"ASV569",NA,NA
"ASV5692",1,1
"ASV5693",1,1
"ASV5694",1,1
"ASV5696",1,1
"ASV5697",1,1
"ASV5698",1,1
"ASV5699",1,1
"ASV57",1,1
"ASV570",NA,NA
"ASV5700",1,1
"ASV5701",1,1
"ASV5702",1,1
"ASV5703",1,1
"ASV5704",1,1
"ASV5705",1,1
"ASV5706",1,1
"ASV5707",1,1
"ASV5708",1,1
"ASV571",1,1
"ASV5710",1,1
"ASV5711",1,1
"ASV5712",1,1
"ASV5713",1,1
"ASV5714",1,1
"ASV5716",1,1
"ASV5717",1,1
"ASV5718",1,1
"ASV5719",1,1
"ASV5720",1,1
"ASV5722",1,1
"ASV5723",1,1
"ASV5724",1,1
"ASV5725",1,1
"ASV5727",1,1
"ASV5728",1,1
"ASV5729",1,1
"ASV5730",1,1
"ASV5731",1,1
"ASV5732",1,1
"ASV5733",1,1
"ASV5734",1,1
"ASV5735",1,1
"ASV5736",1,1
"ASV5737",1,1
"ASV5738",1,1
"ASV5739",1,1
"ASV574",NA,NA
"ASV5740",1,1
"ASV5741",1,1
"ASV5742",1,1
"ASV5743",1,1
"ASV5744",1,1
"ASV5745",1,1
"ASV5747",1,1
"ASV5748",1,1
"ASV575",1,1
"ASV5750",1,1
"ASV5757",1,1
"ASV5758",1,1
"ASV5759",1,1
"ASV576",1,1
"ASV5760",1,1
"ASV5761",1,1
"ASV5762",1,1
"ASV5763",1,1
"ASV5764",1,1
"ASV5765",1,1
"ASV5766",1,1
"ASV5767",1,1
"ASV5768",1,1
"ASV5769",1,1
"ASV5770",1,1
"ASV5771",1,1
"ASV5772",1,1
"ASV5773",1,1
"ASV5774",1,1
"ASV5776",1,1
"ASV5778",1,1
"ASV5779",1,1
"ASV5780",1,1
"ASV5782",1,1
"ASV5784",1,1
"ASV5785",1,1
"ASV5787",1,1
"ASV5788",1,1
"ASV579",NA,NA
"ASV5790",1,1
"ASV5791",1,1
"ASV5792",1,1
"ASV5793",1,1
"ASV5794",1,1
"ASV5795",1,1
"ASV5796",1,1
"ASV5798",1,1
"ASV5799",1,1
"ASV580",1,1
"ASV5801",1,1
"ASV5802",1,1
"ASV5803",1,1
"ASV5804",1,1
"ASV5805",1,1
"ASV5806",1,1
"ASV5807",1,1
"ASV5808",1,1
"ASV5809",1,1
"ASV581",1,1
"ASV5810",1,1
"ASV5812",1,1
"ASV5813",1,1
"ASV5815",1,1
"ASV5816",1,1
"ASV5817",1,1
"ASV5818",1,1
"ASV582",NA,NA
"ASV5820",1,1
"ASV5821",1,1
"ASV5822",1,1
"ASV5823",1,1
"ASV5824",1,1
"ASV5825",1,1
"ASV5826",1,1
"ASV5827",1,1
"ASV5828",1,1
"ASV5829",1,1
"ASV583",1,1
"ASV5830",1,1
"ASV5831",1,1
"ASV5832",1,1
"ASV5833",1,1
"ASV5834",1,1
"ASV5835",1,1
"ASV5836",1,1
"ASV5837",1,1
"ASV5838",1,1
"ASV5839",1,1
"ASV5840",1,1
"ASV5841",1,1
"ASV5842",1,1
"ASV5843",1,1
"ASV5845",1,1
"ASV5846",1,1
"ASV5847",1,1
"ASV5848",1,1
"ASV5849",1,1
"ASV585",1,1
"ASV5850",1,1
"ASV5851",1,1
"ASV5852",1,1
"ASV5853",1,1
"ASV5854",1,1
"ASV5855",1,1
"ASV5856",1,1
"ASV5857",1,1
"ASV5858",1,1
"ASV5859",1,1
"ASV5860",1,1
"ASV5861",1,1
"ASV5862",1,1
"ASV5863",1,1
"ASV5864",1,1
"ASV5865",1,1
"ASV5866",1,1
"ASV5867",1,1
"ASV5868",1,1
"ASV5869",NA,NA
"ASV587",1,1
"ASV5870",1,1
"ASV5871",1,1
"ASV5872",1,1
"ASV5873",1,1
"ASV5874",1,1
"ASV5875",1,1
"ASV5876",1,1
"ASV5879",1,1
"ASV588",1,1
"ASV5880",1,1
"ASV5881",1,1
"ASV5882",1,1
"ASV5883",1,1
"ASV5884",1,1
"ASV5885",1,1
"ASV5886",1,1
"ASV5887",1,1
"ASV5888",1,1
"ASV5889",1,1
"ASV589",1,1
"ASV5890",1,1
"ASV5891",1,1
"ASV5892",1,1
"ASV5893",1,1
"ASV5894",1,1
"ASV5895",1,1
"ASV5896",1,1
"ASV5897",1,1
"ASV5898",1,1
"ASV5899",1,1
"ASV59",1,1
"ASV590",NA,NA
"ASV5900",1,1
"ASV5901",1,1
"ASV5902",1,1
"ASV5903",1,1
"ASV5904",1,1
"ASV5905",1,1
"ASV5906",1,1
"ASV5907",1,1
"ASV5908",1,1
"ASV5909",1,1
"ASV591",1,1
"ASV5910",1,1
"ASV5911",1,1
"ASV5913",1,1
"ASV5914",1,1
"ASV5916",1,1
"ASV5917",1,1
"ASV5918",1,1
"ASV5919",1,1
"ASV592",1,1
"ASV5920",1,1
"ASV5921",1,1
"ASV5923",1,1
"ASV5924",1,1
"ASV5926",1,1
"ASV5927",1,1
"ASV5928",1,1
"ASV5929",1,1
"ASV593",1,1
"ASV5931",1,1
"ASV5932",1,1
"ASV5933",1,1
"ASV5934",1,1
"ASV5935",1,1
"ASV5936",1,1
"ASV5937",1,1
"ASV5938",1,1
"ASV5939",1,1
"ASV594",1,1
"ASV5940",1,1
"ASV5941",1,1
"ASV5942",1,1
"ASV5945",1,1
"ASV5946",1,1
"ASV5947",1,1
"ASV5948",1,1
"ASV5949",1,1
"ASV595",1,1
"ASV5950",1,1
"ASV5951",1,1
"ASV5952",1,1
"ASV5953",1,1
"ASV5954",1,1
"ASV5956",1,1
"ASV5957",1,1
"ASV5958",1,1
"ASV5959",1,1
"ASV596",1,1
"ASV5961",1,1
"ASV5963",1,1
"ASV5964",1,1
"ASV5965",1,1
"ASV5966",1,1
"ASV5967",1,1
"ASV5968",1,1
"ASV5970",1,1
"ASV5971",1,1
"ASV5972",1,1
"ASV5973",1,1
"ASV5974",1,1
"ASV5975",1,1
"ASV5976",1,1
"ASV5977",1,1
"ASV5978",1,1
"ASV5979",1,1
"ASV598",1,1
"ASV5980",1,1
"ASV5981",1,1
"ASV5982",1,1
"ASV5985",1,1
"ASV5987",1,1
"ASV5988",1,1
"ASV5989",1,1
"ASV599",1,1
"ASV5990",1,1
"ASV5991",1,1
"ASV5992",1,1
"ASV5993",1,1
"ASV5994",1,1
"ASV5995",1,1
"ASV5996",1,1
"ASV5997",1,1
"ASV5998",1,1
"ASV5999",1,1
"ASV60",1,1
"ASV6000",1,1
"ASV6001",1,1
"ASV6002",1,1
"ASV6004",1,1
"ASV6005",1,1
"ASV6006",1,1
"ASV6007",1,1
"ASV6009",1,1
"ASV601",1,1
"ASV6010",1,1
"ASV6011",1,1
"ASV6012",1,1
"ASV6013",1,1
"ASV6014",1,1
"ASV6015",1,1
"ASV6017",1,1
"ASV6018",1,1
"ASV6019",1,1
"ASV602",1,1
"ASV6020",1,1
"ASV6021",1,1
"ASV6022",1,1
"ASV6023",1,1
"ASV6024",1,1
"ASV6025",1,1
"ASV6026",1,1
"ASV6027",1,1
"ASV6028",1,1
"ASV603",1,1
"ASV6030",1,1
"ASV6031",1,1
"ASV6032",1,1
"ASV6033",1,1
"ASV6034",1,1
"ASV6035",1,1
"ASV6036",1,1
"ASV6037",1,1
"ASV6039",1,1
"ASV6040",1,1
"ASV6041",1,1
"ASV6045",1,1
"ASV6046",1,1
"ASV6048",1,1
"ASV6049",1,1
"ASV605",1,1
"ASV6050",1,1
"ASV6051",1,1
"ASV6052",1,1
"ASV6053",1,1
"ASV6054",1,1
"ASV6055",1,1
"ASV6056",1,1
"ASV6057",1,1
"ASV6058",1,1
"ASV6059",1,1
"ASV606",NA,NA
"ASV6060",1,1
"ASV6061",1,1
"ASV6063",1,1
"ASV6064",1,1
"ASV6065",1,1
"ASV6066",1,1
"ASV6067",1,1
"ASV6069",1,1
"ASV607",1,1
"ASV6070",1,1
"ASV6071",1,1
"ASV6072",1,1
"ASV6073",1,1
"ASV6074",1,1
"ASV6075",1,1
"ASV6077",1,1
"ASV6078",1,1
"ASV608",1,1
"ASV6082",1,1
"ASV6083",1,1
"ASV6084",1,1
"ASV6085",1,1
"ASV6086",1,1
"ASV6087",1,1
"ASV6088",1,1
"ASV6089",1,1
"ASV6091",1,1
"ASV6092",1,1
"ASV6094",1,1
"ASV6095",1,1
"ASV6096",1,1
"ASV6097",1,1
"ASV6098",1,1
"ASV6099",1,1
"ASV6104",1,1
"ASV6105",1,1
"ASV6106",1,1
"ASV6107",1,1
"ASV6108",1,1
"ASV6109",1,1
"ASV6110",1,1
"ASV6111",1,1
"ASV6112",1,1
"ASV6113",1,1
"ASV6114",1,1
"ASV6115",1,1
"ASV6117",1,1
"ASV6118",1,1
"ASV6119",1,1
"ASV612",1,1
"ASV6120",1,1
"ASV6121",1,1
"ASV6122",1,1
"ASV6123",1,1
"ASV6124",1,1
"ASV6125",1,1
"ASV6126",1,1
"ASV6128",1,1
"ASV6129",1,1
"ASV613",1,1
"ASV6130",1,1
"ASV6131",1,1
"ASV6132",1,1
"ASV6133",1,1
"ASV6134",1,1
"ASV6135",1,1
"ASV6136",1,1
"ASV6137",1,1
"ASV6138",1,1
"ASV6140",1,1
"ASV6141",1,1
"ASV6142",1,1
"ASV6144",1,1
"ASV6145",1,1
"ASV6146",1,1
"ASV6147",1,1
"ASV6149",1,1
"ASV6150",1,1
"ASV6151",1,1
"ASV6152",1,1
"ASV6153",1,1
"ASV6154",1,1
"ASV6155",1,1
"ASV6156",1,1
"ASV6157",1,1
"ASV6158",1,1
"ASV6159",1,1
"ASV616",1,1
"ASV6160",1,1
"ASV6161",1,1
"ASV6162",1,1
"ASV6163",1,1
"ASV6164",1,1
"ASV6165",1,1
"ASV6166",1,1
"ASV6168",1,1
"ASV6169",1,1
"ASV617",NA,NA
"ASV6170",1,1
"ASV6171",1,1
"ASV6172",1,1
"ASV6173",1,1
"ASV6174",1,1
"ASV6175",1,1
"ASV6176",1,1
"ASV6177",1,1
"ASV6178",1,1
"ASV6179",1,1
"ASV618",1,1
"ASV6180",1,1
"ASV6181",1,1
"ASV6182",1,1
"ASV6183",1,1
"ASV6184",1,1
"ASV6185",1,1
"ASV6186",1,1
"ASV6187",1,1
"ASV6189",1,1
"ASV619",1,1
"ASV6191",1,1
"ASV6192",NA,NA
"ASV6193",1,1
"ASV6194",1,1
"ASV6195",1,1
"ASV6196",1,1
"ASV6197",1,1
"ASV6198",1,1
"ASV62",1,1
"ASV620",1,1
"ASV6200",1,1
"ASV6201",1,1
"ASV6202",1,1
"ASV6203",1,1
"ASV6204",1,1
"ASV6205",1,1
"ASV6206",1,1
"ASV6207",1,1
"ASV6208",1,1
"ASV621",1,1
"ASV6210",1,1
"ASV6211",1,1
"ASV6213",1,1
"ASV6214",1,1
"ASV6215",1,1
"ASV6216",1,1
"ASV6217",1,1
"ASV6218",1,1
"ASV6219",1,1
"ASV622",1,1
"ASV6220",1,1
"ASV6221",1,1
"ASV6222",1,1
"ASV6223",1,1
"ASV6224",1,1
"ASV6225",1,1
"ASV6226",1,1
"ASV6227",1,1
"ASV6228",1,1
"ASV6229",1,1
"ASV623",1,1
"ASV6230",1,1
"ASV6231",1,1
"ASV6232",1,1
"ASV6233",1,1
"ASV6234",1,1
"ASV6235",1,1
"ASV6236",1,1
"ASV6237",1,1
"ASV6238",1,1
"ASV6239",1,1
"ASV624",1,1
"ASV6240",1,1
"ASV6241",1,1
"ASV6242",1,1
"ASV6243",1,1
"ASV6244",1,1
"ASV6245",1,1
"ASV6246",1,1
"ASV6247",1,1
"ASV6248",1,1
"ASV6249",1,1
"ASV6250",1,1
"ASV6251",1,1
"ASV6252",1,1
"ASV6253",1,1
"ASV6254",1,1
"ASV6255",1,1
"ASV6256",1,1
"ASV6257",1,1
"ASV6258",1,1
"ASV6259",1,1
"ASV626",1,1
"ASV6260",1,1
"ASV6261",1,1
"ASV6262",1,1
"ASV6263",1,1
"ASV6264",1,1
"ASV6265",1,1
"ASV6266",1,1
"ASV6267",1,1
"ASV6268",1,1
"ASV6269",1,1
"ASV627",1,1
"ASV6270",1,1
"ASV6271",1,1
"ASV6272",1,1
"ASV6273",1,1
"ASV6274",1,1
"ASV6275",1,1
"ASV6276",1,1
"ASV6277",1,1
"ASV6278",1,1
"ASV6279",1,1
"ASV628",1,1
"ASV6280",1,1
"ASV6283",1,1
"ASV6284",1,1
"ASV6285",1,1
"ASV6286",1,1
"ASV6287",1,1
"ASV6288",1,1
"ASV6289",1,1
"ASV629",1,1
"ASV6290",1,1
"ASV6291",1,1
"ASV6293",1,1
"ASV6294",1,1
"ASV6295",1,1
"ASV6296",1,1
"ASV6297",1,1
"ASV6298",1,1
"ASV6299",1,1
"ASV63",1,1
"ASV630",1,1
"ASV6300",1,1
"ASV6301",1,1
"ASV6302",1,1
"ASV6303",1,1
"ASV6304",1,1
"ASV6305",1,1
"ASV6306",1,1
"ASV6309",1,1
"ASV631",NA,NA
"ASV6310",1,1
"ASV6311",1,1
"ASV6312",1,1
"ASV6314",1,1
"ASV6315",1,1
"ASV6317",1,1
"ASV6318",1,1
"ASV6319",1,1
"ASV632",NA,NA
"ASV6320",1,1
"ASV6321",1,1
"ASV6322",1,1
"ASV6323",1,1
"ASV6324",1,1
"ASV6325",1,1
"ASV6326",1,1
"ASV6327",1,1
"ASV6329",1,1
"ASV633",NA,NA
"ASV6330",1,1
"ASV6331",1,1
"ASV6332",1,1
"ASV6333",1,1
"ASV6335",1,1
"ASV6337",1,1
"ASV6338",1,1
"ASV6339",1,1
"ASV6340",1,1
"ASV6341",1,1
"ASV6342",1,1
"ASV6344",1,1
"ASV6345",1,1
"ASV6346",1,1
"ASV6347",1,1
"ASV6348",1,1
"ASV6349",1,1
"ASV635",1,1
"ASV6351",1,1
"ASV6352",1,1
"ASV6353",1,1
"ASV6354",1,1
"ASV6355",1,1
"ASV6356",1,1
"ASV6357",1,1
"ASV6358",1,1
"ASV6359",1,1
"ASV6360",1,1
"ASV6361",1,1
"ASV6362",1,1
"ASV6363",1,1
"ASV6364",1,1
"ASV6365",1,1
"ASV6366",1,1
"ASV6367",1,1
"ASV6368",1,1
"ASV6369",1,1
"ASV637",1,1
"ASV6370",1,1
"ASV6371",1,1
"ASV6372",1,1
"ASV6373",1,1
"ASV6374",1,1
"ASV6375",1,1
"ASV6376",1,1
"ASV6377",1,1
"ASV6378",1,1
"ASV6379",1,1
"ASV638",1,1
"ASV6380",1,1
"ASV6381",1,1
"ASV6382",1,1
"ASV6383",1,1
"ASV6384",1,1
"ASV6385",1,1
"ASV6386",1,1
"ASV6387",1,1
"ASV6388",1,1
"ASV6389",1,1
"ASV639",1,1
"ASV6390",1,1
"ASV6391",1,1
"ASV6393",1,1
"ASV6394",1,1
"ASV6396",1,1
"ASV6397",1,1
"ASV6398",1,1
"ASV6399",1,1
"ASV64",1,1
"ASV640",1,1
"ASV6400",1,1
"ASV6401",1,1
"ASV6403",1,1
"ASV6404",1,1
"ASV6405",1,1
"ASV6406",1,1
"ASV6407",1,1
"ASV6408",1,1
"ASV6409",1,1
"ASV641",1,1
"ASV6410",1,1
"ASV6411",1,1
"ASV6412",1,1
"ASV6413",1,1
"ASV6414",1,1
"ASV6415",1,1
"ASV6416",1,1
"ASV6418",1,1
"ASV6419",1,1
"ASV642",1,1
"ASV6420",1,1
"ASV6421",1,1
"ASV6422",1,1
"ASV6423",1,1
"ASV6424",1,1
"ASV6425",1,1
"ASV6426",1,1
"ASV6427",1,1
"ASV6428",1,1
"ASV6429",1,1
"ASV643",1,1
"ASV6430",1,1
"ASV6431",1,1
"ASV6432",1,1
"ASV6433",1,1
"ASV6434",1,1
"ASV644",1,1
"ASV6441",1,1
"ASV6442",1,1
"ASV6443",1,1
"ASV6444",1,1
"ASV6445",1,1
"ASV6447",1,1
"ASV6448",1,1
"ASV6449",1,1
"ASV6450",1,1
"ASV6451",1,1
"ASV6452",1,1
"ASV6453",1,1
"ASV6454",1,1
"ASV6455",1,1
"ASV6456",1,1
"ASV6457",1,1
"ASV6458",1,1
"ASV6459",1,1
"ASV6460",1,1
"ASV6461",1,1
"ASV6462",1,1
"ASV6463",1,1
"ASV6464",1,1
"ASV6465",1,1
"ASV6466",1,1
"ASV6467",1,1
"ASV6469",1,1
"ASV647",1,1
"ASV6470",1,1
"ASV6472",1,1
"ASV6473",1,1
"ASV6474",1,1
"ASV6475",1,1
"ASV6476",1,1
"ASV6477",1,1
"ASV6479",1,1
"ASV648",NA,NA
"ASV6480",1,1
"ASV6482",1,1
"ASV6483",1,1
"ASV6484",1,1
"ASV6486",1,1
"ASV6487",1,1
"ASV6488",1,1
"ASV6489",1,1
"ASV6490",1,1
"ASV6492",1,1
"ASV6493",1,1
"ASV6494",1,1
"ASV6495",1,1
"ASV6496",1,1
"ASV6497",1,1
"ASV6498",1,1
"ASV6499",1,1
"ASV65",1,1
"ASV6500",1,1
"ASV6501",1,1
"ASV6503",1,1
"ASV6504",1,1
"ASV6505",1,1
"ASV6507",1,1
"ASV6508",1,1
"ASV6509",1,1
"ASV6511",1,1
"ASV6513",1,1
"ASV6515",1,1
"ASV6516",1,1
"ASV6517",1,1
"ASV6518",1,1
"ASV6519",1,1
"ASV652",1,1
"ASV6520",1,1
"ASV6521",1,1
"ASV6522",1,1
"ASV6523",1,1
"ASV6524",1,1
"ASV6525",1,1
"ASV6526",1,1
"ASV6527",1,1
"ASV6528",1,1
"ASV6529",1,1
"ASV653",1,1
"ASV6530",1,1
"ASV6531",1,1
"ASV6532",1,1
"ASV6533",1,1
"ASV6534",1,1
"ASV6535",1,1
"ASV6536",1,1
"ASV6537",1,1
"ASV6539",1,1
"ASV654",1,1
"ASV6541",1,1
"ASV6542",1,1
"ASV6543",1,1
"ASV6544",1,1
"ASV6546",1,1
"ASV6547",1,1
"ASV6548",1,1
"ASV6549",1,1
"ASV655",1,1
"ASV6550",1,1
"ASV6551",1,1
"ASV6552",1,1
"ASV6553",1,1
"ASV6554",1,1
"ASV6555",1,1
"ASV6556",1,1
"ASV6557",1,1
"ASV6558",1,1
"ASV6559",1,1
"ASV656",1,1
"ASV6560",1,1
"ASV6561",1,1
"ASV6562",1,1
"ASV6563",1,1
"ASV6564",1,1
"ASV6565",1,1
"ASV6566",1,1
"ASV6567",1,1
"ASV6568",1,1
"ASV6569",1,1
"ASV657",1,1
"ASV6570",1,1
"ASV6571",1,1
"ASV6573",1,1
"ASV6574",1,1
"ASV6575",1,1
"ASV6576",1,1
"ASV6577",1,1
"ASV6578",1,1
"ASV6579",1,1
"ASV658",1,1
"ASV6580",1,1
"ASV6582",1,1
"ASV6583",1,1
"ASV6585",1,1
"ASV6586",1,1
"ASV6587",1,1
"ASV6588",1,1
"ASV6589",1,1
"ASV6590",1,1
"ASV6591",1,1
"ASV6592",1,1
"ASV6593",1,1
"ASV6594",1,1
"ASV6595",1,1
"ASV6596",1,1
"ASV6597",1,1
"ASV6598",1,1
"ASV6599",1,1
"ASV66",1,1
"ASV6600",1,1
"ASV6601",1,1
"ASV6602",1,1
"ASV6603",1,1
"ASV6604",1,1
"ASV6605",1,1
"ASV6606",1,1
"ASV6607",1,1
"ASV6608",1,1
"ASV6609",1,1
"ASV661",1,1
"ASV6610",1,1
"ASV6611",1,1
"ASV6612",1,1
"ASV6614",1,1
"ASV6615",1,1
"ASV6617",1,1
"ASV6618",1,1
"ASV6619",1,1
"ASV662",1,1
"ASV6620",1,1
"ASV6621",1,1
"ASV6622",1,1
"ASV6623",1,1
"ASV6624",1,1
"ASV6625",1,1
"ASV6627",1,1
"ASV6628",1,1
"ASV6629",1,1
"ASV663",1,1
"ASV6630",1,1
"ASV6631",1,1
"ASV6632",1,1
"ASV6633",1,1
"ASV6634",1,1
"ASV6635",1,1
"ASV6636",1,1
"ASV6637",1,1
"ASV6638",1,1
"ASV6639",1,1
"ASV664",NA,NA
"ASV6640",1,1
"ASV6641",1,1
"ASV6642",1,1
"ASV6643",1,1
"ASV6644",1,1
"ASV6645",1,1
"ASV6646",1,1
"ASV6647",1,1
"ASV6649",1,1
"ASV665",1,1
"ASV6650",1,1
"ASV6651",1,1
"ASV6652",1,1
"ASV6653",1,1
"ASV6654",1,1
"ASV6655",1,1
"ASV6656",1,1
"ASV6658",1,1
"ASV6659",1,1
"ASV6660",1,1
"ASV6661",1,1
"ASV6663",1,1
"ASV6664",1,1
"ASV6665",1,1
"ASV6666",1,1
"ASV6667",1,1
"ASV6668",1,1
"ASV6669",1,1
"ASV667",1,1
"ASV6670",1,1
"ASV6671",1,1
"ASV6672",1,1
"ASV6673",1,1
"ASV6675",1,1
"ASV6676",1,1
"ASV6677",1,1
"ASV6678",1,1
"ASV6679",1,1
"ASV668",NA,NA
"ASV6681",1,1
"ASV6682",1,1
"ASV6684",1,1
"ASV6685",1,1
"ASV6686",1,1
"ASV6687",1,1
"ASV6688",1,1
"ASV6689",1,1
"ASV669",1,1
"ASV6690",1,1
"ASV6691",1,1
"ASV6693",1,1
"ASV6694",1,1
"ASV6696",1,1
"ASV6697",1,1
"ASV6698",1,1
"ASV6699",1,1
"ASV67",1,1
"ASV670",NA,NA
"ASV6700",1,1
"ASV6702",1,1
"ASV6703",1,1
"ASV6704",1,1
"ASV6705",1,1
"ASV6706",1,1
"ASV6709",1,1
"ASV6710",1,1
"ASV6711",1,1
"ASV6712",1,1
"ASV6713",1,1
"ASV6714",1,1
"ASV6715",1,1
"ASV6716",1,1
"ASV6717",1,1
"ASV6718",1,1
"ASV6719",1,1
"ASV672",1,1
"ASV6721",1,1
"ASV6722",1,1
"ASV6723",1,1
"ASV6724",1,1
"ASV6725",1,1
"ASV6726",1,1
"ASV6727",1,1
"ASV6728",1,1
"ASV673",1,1
"ASV6731",1,1
"ASV6732",1,1
"ASV6734",1,1
"ASV6735",1,1
"ASV6736",1,1
"ASV6737",1,1
"ASV6738",1,1
"ASV6739",1,1
"ASV674",NA,NA
"ASV6740",1,1
"ASV6741",1,1
"ASV6742",1,1
"ASV6743",1,1
"ASV6744",1,1
"ASV6745",1,1
"ASV6746",1,1
"ASV6747",1,1
"ASV6748",1,1
"ASV6749",1,1
"ASV6750",1,1
"ASV6751",1,1
"ASV6752",1,1
"ASV6753",1,1
"ASV6756",1,1
"ASV6758",1,1
"ASV6759",1,1
"ASV676",1,1
"ASV6761",1,1
"ASV6762",1,1
"ASV6763",1,1
"ASV6764",1,1
"ASV6765",1,1
"ASV6766",1,1
"ASV6767",1,1
"ASV6768",1,1
"ASV677",1,1
"ASV6770",1,1
"ASV6771",1,1
"ASV6772",1,1
"ASV6773",1,1
"ASV6774",1,1
"ASV6776",1,1
"ASV6777",1,1
"ASV6778",1,1
"ASV6779",1,1
"ASV678",1,1
"ASV6780",1,1
"ASV6781",1,1
"ASV6782",1,1
"ASV6783",1,1
"ASV6784",1,1
"ASV6785",1,1
"ASV6786",1,1
"ASV6787",1,1
"ASV6788",1,1
"ASV6789",1,1
"ASV679",1,1
"ASV6790",1,1
"ASV6792",1,1
"ASV6793",1,1
"ASV6795",1,1
"ASV6796",1,1
"ASV6797",1,1
"ASV6798",1,1
"ASV6799",1,1
"ASV680",1,1
"ASV6800",1,1
"ASV6801",1,1
"ASV6802",1,1
"ASV6803",1,1
"ASV6804",1,1
"ASV6805",1,1
"ASV6806",1,1
"ASV6807",1,1
"ASV6808",1,1
"ASV6809",1,1
"ASV6810",1,1
"ASV6811",1,1
"ASV6812",1,1
"ASV6813",1,1
"ASV6814",1,1
"ASV6818",1,1
"ASV6819",1,1
"ASV682",1,1
"ASV6820",1,1
"ASV6821",1,1
"ASV6822",1,1
"ASV6823",1,1
"ASV6824",1,1
"ASV6825",1,1
"ASV6826",1,1
"ASV6828",1,1
"ASV6829",1,1
"ASV683",1,1
"ASV6830",1,1
"ASV6831",1,1
"ASV6832",1,1
"ASV6833",1,1
"ASV6834",1,1
"ASV6835",1,1
"ASV6836",1,1
"ASV6837",1,1
"ASV6838",1,1
"ASV6839",1,1
"ASV684",NA,NA
"ASV6840",1,1
"ASV6841",1,1
"ASV6842",1,1
"ASV6843",1,1
"ASV6844",1,1
"ASV6845",1,1
"ASV6846",1,1
"ASV6847",1,1
"ASV6848",1,1
"ASV6849",1,1
"ASV685",1,1
"ASV6850",1,1
"ASV6851",1,1
"ASV6852",1,1
"ASV6853",1,1
"ASV6855",1,1
"ASV6856",1,1
"ASV6857",1,1
"ASV6858",1,1
"ASV6859",1,1
"ASV686",1,1
"ASV6860",1,1
"ASV6862",1,1
"ASV6863",1,1
"ASV6864",1,1
"ASV6865",1,1
"ASV6866",1,1
"ASV6867",1,1
"ASV6868",1,1
"ASV6869",1,1
"ASV6870",1,1
"ASV6871",1,1
"ASV6872",1,1
"ASV6873",1,1
"ASV6874",1,1
"ASV6875",1,1
"ASV6878",1,1
"ASV6879",1,1
"ASV688",1,1
"ASV6880",1,1
"ASV6881",1,1
"ASV6882",1,1
"ASV6883",1,1
"ASV6884",1,1
"ASV6885",1,1
"ASV6886",1,1
"ASV6887",1,1
"ASV6889",1,1
"ASV689",1,1
"ASV6891",1,1
"ASV6892",1,1
"ASV6893",1,1
"ASV6894",1,1
"ASV6895",1,1
"ASV6896",1,1
"ASV6897",1,1
"ASV6898",1,1
"ASV6899",1,1
"ASV690",1,1
"ASV6900",1,1
"ASV6901",1,1
"ASV6902",1,1
"ASV6903",1,1
"ASV6904",1,1
"ASV6905",1,1
"ASV6906",1,1
"ASV6907",1,1
"ASV6908",1,1
"ASV6909",1,1
"ASV6910",1,1
"ASV6911",1,1
"ASV6912",1,1
"ASV6913",1,1
"ASV6914",1,1
"ASV6915",1,1
"ASV6916",1,1
"ASV6917",1,1
"ASV6918",1,1
"ASV6919",1,1
"ASV6920",1,1
"ASV6921",1,1
"ASV6922",1,1
"ASV6923",1,1
"ASV6925",1,1
"ASV6927",1,1
"ASV6928",1,1
"ASV6929",1,1
"ASV693",1,1
"ASV6931",1,1
"ASV6932",1,1
"ASV6933",1,1
"ASV6934",1,1
"ASV6936",1,1
"ASV6937",1,1
"ASV6938",1,1
"ASV6939",1,1
"ASV694",1,1
"ASV6940",1,1
"ASV6941",1,1
"ASV6942",1,1
"ASV6943",1,1
"ASV6945",1,1
"ASV6946",1,1
"ASV6948",1,1
"ASV6949",1,1
"ASV695",1,1
"ASV6950",1,1
"ASV6951",1,1
"ASV6952",1,1
"ASV6953",1,1
"ASV6954",1,1
"ASV6955",1,1
"ASV6956",1,1
"ASV6957",1,1
"ASV6958",1,1
"ASV6959",1,1
"ASV696",1,1
"ASV6961",1,1
"ASV6962",1,1
"ASV6963",1,1
"ASV6965",1,1
"ASV6966",1,1
"ASV6967",1,1
"ASV6969",1,1
"ASV697",1,1
"ASV6970",1,1
"ASV6971",1,1
"ASV6972",1,1
"ASV6974",1,1
"ASV6975",1,1
"ASV6976",1,1
"ASV6977",1,1
"ASV6978",1,1
"ASV6979",1,1
"ASV6980",1,1
"ASV6983",1,1
"ASV6984",1,1
"ASV6985",1,1
"ASV6986",1,1
"ASV6987",1,1
"ASV6988",1,1
"ASV699",NA,NA
"ASV6990",1,1
"ASV6991",1,1
"ASV6992",1,1
"ASV6993",1,1
"ASV6995",1,1
"ASV6996",1,1
"ASV6997",1,1
"ASV6999",1,1
"ASV70",1,1
"ASV700",1,1
"ASV7001",1,1
"ASV7002",1,1
"ASV7003",1,1
"ASV7004",1,1
"ASV7006",1,1
"ASV7007",1,1
"ASV7008",1,1
"ASV7009",1,1
"ASV701",1,1
"ASV7010",1,1
"ASV7011",1,1
"ASV7012",1,1
"ASV7014",1,1
"ASV7015",1,1
"ASV7016",1,1
"ASV7017",1,1
"ASV7019",1,1
"ASV702",1,1
"ASV7020",1,1
"ASV7021",1,1
"ASV7022",1,1
"ASV7023",1,1
"ASV7025",1,1
"ASV7027",1,1
"ASV7028",1,1
"ASV7029",1,1
"ASV7030",1,1
"ASV7031",1,1
"ASV7032",1,1
"ASV7033",1,1
"ASV7035",1,1
"ASV7036",1,1
"ASV7037",1,1
"ASV7039",1,1
"ASV704",NA,NA
"ASV7040",1,1
"ASV7041",1,1
"ASV7042",1,1
"ASV7043",1,1
"ASV7044",1,1
"ASV7045",1,1
"ASV7046",1,1
"ASV7047",1,1
"ASV7048",1,1
"ASV7049",1,1
"ASV705",NA,NA
"ASV7050",1,1
"ASV7051",1,1
"ASV7052",1,1
"ASV7053",1,1
"ASV7054",1,1
"ASV7055",1,1
"ASV7056",1,1
"ASV7057",1,1
"ASV7058",1,1
"ASV7059",1,1
"ASV706",1,1
"ASV7060",1,1
"ASV7061",1,1
"ASV7062",1,1
"ASV7067",1,1
"ASV7068",1,1
"ASV7069",1,1
"ASV707",1,1
"ASV7070",1,1
"ASV7071",1,1
"ASV7072",1,1
"ASV7079",1,1
"ASV708",1,1
"ASV7080",1,1
"ASV7081",1,1
"ASV7082",1,1
"ASV7083",1,1
"ASV7084",1,1
"ASV7085",1,1
"ASV7086",1,1
"ASV7087",1,1
"ASV7088",1,1
"ASV7089",1,1
"ASV709",NA,NA
"ASV7090",1,1
"ASV7091",1,1
"ASV7092",1,1
"ASV7093",1,1
"ASV7094",1,1
"ASV7095",1,1
"ASV7096",1,1
"ASV7097",1,1
"ASV7098",1,1
"ASV7099",1,1
"ASV71",1,1
"ASV710",1,1
"ASV7100",1,1
"ASV7101",1,1
"ASV7102",1,1
"ASV7104",1,1
"ASV7105",1,1
"ASV7106",1,1
"ASV7108",1,1
"ASV7109",1,1
"ASV711",1,1
"ASV7110",1,1
"ASV7111",1,1
"ASV7112",1,1
"ASV7113",1,1
"ASV7114",1,1
"ASV7115",1,1
"ASV7116",1,1
"ASV7117",1,1
"ASV7118",1,1
"ASV7119",1,1
"ASV712",1,1
"ASV7120",1,1
"ASV7121",1,1
"ASV7122",1,1
"ASV7124",1,1
"ASV7125",1,1
"ASV7126",1,1
"ASV7127",1,1
"ASV713",1,1
"ASV7130",1,1
"ASV7131",1,1
"ASV7132",1,1
"ASV7135",1,1
"ASV7136",1,1
"ASV7137",1,1
"ASV7139",1,1
"ASV714",1,1
"ASV7140",1,1
"ASV7141",1,1
"ASV7142",1,1
"ASV7143",1,1
"ASV7144",1,1
"ASV7145",1,1
"ASV7146",1,1
"ASV7147",1,1
"ASV7148",1,1
"ASV7149",1,1
"ASV7150",1,1
"ASV7151",1,1
"ASV7152",1,1
"ASV7153",1,1
"ASV7154",1,1
"ASV7155",1,1
"ASV7156",1,1
"ASV7157",1,1
"ASV7158",1,1
"ASV7159",1,1
"ASV7160",1,1
"ASV7161",1,1
"ASV7162",1,1
"ASV7163",1,1
"ASV7164",1,1
"ASV7165",1,1
"ASV7166",1,1
"ASV7167",1,1
"ASV7168",1,1
"ASV7169",1,1
"ASV717",1,1
"ASV7171",1,1
"ASV7172",1,1
"ASV7173",1,1
"ASV7174",1,1
"ASV7175",1,1
"ASV7176",1,1
"ASV7177",1,1
"ASV7178",1,1
"ASV718",1,1
"ASV7180",1,1
"ASV7181",1,1
"ASV7182",1,1
"ASV7183",1,1
"ASV7184",1,1
"ASV7185",1,1
"ASV7186",1,1
"ASV7188",1,1
"ASV7189",1,1
"ASV719",1,1
"ASV7190",1,1
"ASV7191",1,1
"ASV7192",1,1
"ASV7193",1,1
"ASV7194",1,1
"ASV7195",1,1
"ASV7196",1,1
"ASV7197",1,1
"ASV7198",1,1
"ASV7199",1,1
"ASV72",1,1
"ASV720",1,1
"ASV7200",1,1
"ASV7201",1,1
"ASV7202",1,1
"ASV7203",1,1
"ASV7205",1,1
"ASV7207",1,1
"ASV7208",1,1
"ASV7209",1,1
"ASV7210",1,1
"ASV7211",1,1
"ASV7212",1,1
"ASV7213",1,1
"ASV7214",1,1
"ASV7215",1,1
"ASV7217",1,1
"ASV7218",1,1
"ASV7219",1,1
"ASV722",1,1
"ASV7220",1,1
"ASV7222",1,1
"ASV7223",1,1
"ASV7224",1,1
"ASV7225",1,1
"ASV7226",1,1
"ASV7227",1,1
"ASV7228",1,1
"ASV7229",1,1
"ASV7230",1,1
"ASV7231",1,1
"ASV7232",1,1
"ASV7233",1,1
"ASV7234",1,1
"ASV7235",1,1
"ASV7236",1,1
"ASV7237",1,1
"ASV7238",1,1
"ASV7239",1,1
"ASV724",1,1
"ASV7240",1,1
"ASV7241",1,1
"ASV7242",1,1
"ASV7243",1,1
"ASV7244",1,1
"ASV7245",1,1
"ASV7246",1,1
"ASV7247",1,1
"ASV7249",1,1
"ASV7250",1,1
"ASV7251",1,1
"ASV7252",1,1
"ASV7253",1,1
"ASV7255",1,1
"ASV7256",1,1
"ASV7257",1,1
"ASV7258",1,1
"ASV7259",1,1
"ASV726",1,1
"ASV7260",1,1
"ASV7261",1,1
"ASV7262",1,1
"ASV7263",1,1
"ASV7264",1,1
"ASV7265",1,1
"ASV7266",1,1
"ASV7268",1,1
"ASV7269",1,1
"ASV727",1,1
"ASV7270",1,1
"ASV7271",1,1
"ASV7272",1,1
"ASV7273",1,1
"ASV7274",1,1
"ASV7275",1,1
"ASV7276",1,1
"ASV7277",1,1
"ASV7278",1,1
"ASV7279",1,1
"ASV728",1,1
"ASV7280",1,1
"ASV7281",1,1
"ASV7282",1,1
"ASV7283",1,1
"ASV7284",1,1
"ASV7285",1,1
"ASV7286",1,1
"ASV7287",1,1
"ASV7288",1,1
"ASV7289",1,1
"ASV729",1,1
"ASV7290",1,1
"ASV7291",1,1
"ASV7292",1,1
"ASV7293",1,1
"ASV7294",1,1
"ASV7295",1,1
"ASV7296",1,1
"ASV7297",1,1
"ASV7298",1,1
"ASV7299",1,1
"ASV730",1,1
"ASV7300",1,1
"ASV7301",1,1
"ASV7302",1,1
"ASV7303",1,1
"ASV7304",1,1
"ASV7305",1,1
"ASV7306",1,1
"ASV7307",1,1
"ASV7308",1,1
"ASV7309",1,1
"ASV731",1,1
"ASV7310",1,1
"ASV7311",1,1
"ASV7313",1,1
"ASV7314",1,1
"ASV7315",1,1
"ASV7316",1,1
"ASV7317",1,1
"ASV7318",1,1
"ASV7319",1,1
"ASV732",1,1
"ASV7320",1,1
"ASV7321",1,1
"ASV7322",1,1
"ASV7323",1,1
"ASV7324",1,1
"ASV7325",1,1
"ASV7326",1,1
"ASV7327",1,1
"ASV7328",1,1
"ASV7329",1,1
"ASV733",1,1
"ASV7330",1,1
"ASV7331",1,1
"ASV7332",1,1
"ASV7333",1,1
"ASV7334",1,1
"ASV7335",1,1
"ASV7336",1,1
"ASV7337",1,1
"ASV7338",1,1
"ASV7339",1,1
"ASV7340",1,1
"ASV7341",1,1
"ASV7342",1,1
"ASV7343",1,1
"ASV7348",1,1
"ASV7349",1,1
"ASV735",1,1
"ASV7350",1,1
"ASV7351",1,1
"ASV7352",1,1
"ASV7353",1,1
"ASV7354",1,1
"ASV7355",1,1
"ASV7358",1,1
"ASV7359",1,1
"ASV736",1,1
"ASV7360",1,1
"ASV7361",1,1
"ASV7364",1,1
"ASV7365",1,1
"ASV7366",1,1
"ASV7368",1,1
"ASV7369",1,1
"ASV7370",1,1
"ASV7371",1,1
"ASV7372",1,1
"ASV7373",1,1
"ASV7374",1,1
"ASV7376",1,1
"ASV7379",1,1
"ASV738",1,1
"ASV7380",1,1
"ASV7381",1,1
"ASV7382",1,1
"ASV7383",1,1
"ASV7385",1,1
"ASV7386",1,1
"ASV7387",1,1
"ASV7388",1,1
"ASV739",1,1
"ASV7390",1,1
"ASV7391",1,1
"ASV7392",1,1
"ASV7393",1,1
"ASV7394",1,1
"ASV7395",1,1
"ASV7396",1,1
"ASV7397",1,1
"ASV7398",1,1
"ASV7399",1,1
"ASV74",1,1
"ASV740",1,1
"ASV7400",1,1
"ASV7401",1,1
"ASV7402",1,1
"ASV7403",1,1
"ASV7404",1,1
"ASV7405",1,1
"ASV7406",1,1
"ASV7407",1,1
"ASV7408",1,1
"ASV7409",1,1
"ASV7410",1,1
"ASV7411",1,1
"ASV7413",1,1
"ASV7414",1,1
"ASV7415",1,1
"ASV7416",1,1
"ASV7417",1,1
"ASV7418",1,1
"ASV742",1,1
"ASV7420",1,1
"ASV7421",1,1
"ASV7422",1,1
"ASV7423",1,1
"ASV7424",1,1
"ASV7425",1,1
"ASV7426",1,1
"ASV7428",1,1
"ASV7429",1,1
"ASV743",1,1
"ASV7430",1,1
"ASV7431",1,1
"ASV7432",1,1
"ASV7433",1,1
"ASV7435",1,1
"ASV7436",1,1
"ASV7437",1,1
"ASV7438",1,1
"ASV7439",1,1
"ASV7440",1,1
"ASV7441",1,1
"ASV7442",1,1
"ASV7443",1,1
"ASV7444",1,1
"ASV7445",1,1
"ASV7446",1,1
"ASV7447",1,1
"ASV7448",1,1
"ASV745",1,1
"ASV7450",1,1
"ASV7451",1,1
"ASV7452",1,1
"ASV7453",1,1
"ASV7454",1,1
"ASV7455",1,1
"ASV7456",1,1
"ASV7457",1,1
"ASV7459",1,1
"ASV746",1,1
"ASV7460",1,1
"ASV7461",1,1
"ASV7462",1,1
"ASV7463",1,1
"ASV7464",1,1
"ASV7465",1,1
"ASV7466",1,1
"ASV7467",1,1
"ASV747",1,1
"ASV7470",1,1
"ASV7471",1,1
"ASV7472",1,1
"ASV7473",1,1
"ASV7474",1,1
"ASV7475",1,1
"ASV7476",1,1
"ASV7477",1,1
"ASV7478",1,1
"ASV7479",1,1
"ASV748",1,1
"ASV7480",1,1
"ASV7481",1,1
"ASV7482",1,1
"ASV7483",1,1
"ASV7485",1,1
"ASV7486",1,1
"ASV7487",1,1
"ASV7488",1,1
"ASV7489",1,1
"ASV749",1,1
"ASV7490",1,1
"ASV7491",1,1
"ASV7492",1,1
"ASV7493",1,1
"ASV7495",1,1
"ASV7496",1,1
"ASV7497",1,1
"ASV7499",1,1
"ASV75",NA,NA
"ASV7500",1,1
"ASV7501",1,1
"ASV7502",1,1
"ASV7503",1,1
"ASV7504",1,1
"ASV751",1,1
"ASV752",NA,NA
"ASV754",1,1
"ASV755",NA,NA
"ASV756",1,1
"ASV759",1,1
"ASV76",1,1
"ASV760",NA,NA
"ASV761",1,1
"ASV762",1,1
"ASV763",1,1
"ASV764",1,1
"ASV765",1,1
"ASV766",1,1
"ASV768",1,1
"ASV769",1,1
"ASV77",1,1
"ASV771",1,1
"ASV772",1,1
"ASV773",1,1
"ASV776",1,1
"ASV777",1,1
"ASV778",NA,NA
"ASV779",1,1
"ASV78",1,1
"ASV780",1,1
"ASV781",NA,NA
"ASV782",1,1
"ASV784",NA,NA
"ASV787",1,1
"ASV788",1,1
"ASV789",1,1
"ASV79",1,1
"ASV790",1,1
"ASV791",1,1
"ASV792",1,1
"ASV793",1,1
"ASV794",1,1
"ASV796",1,1
"ASV798",1,1
"ASV799",1,1
"ASV80",1,1
"ASV800",1,1
"ASV801",1,1
"ASV802",1,1
"ASV803",1,1
"ASV805",1,1
"ASV806",1,1
"ASV81",1,1
"ASV811",1,1
"ASV812",1,1
"ASV813",1,1
"ASV814",1,1
"ASV815",1,1
"ASV816",1,1
"ASV818",1,1
"ASV819",1,1
"ASV82",1,1
"ASV822",1,1
"ASV826",1,1
"ASV827",1,1
"ASV828",1,1
"ASV829",1,1
"ASV83",1,1
"ASV830",1,1
"ASV831",NA,NA
"ASV832",1,1
"ASV836",1,1
"ASV837",NA,NA
"ASV84",1,1
"ASV840",1,1
"ASV841",1,1
"ASV842",NA,NA
"ASV844",1,1
"ASV846",1,1
"ASV847",1,1
"ASV849",1,1
"ASV85",NA,NA
"ASV850",1,1
"ASV851",1,1
"ASV853",1,1
"ASV854",1,1
"ASV856",1,1
"ASV857",1,1
"ASV858",1,1
"ASV859",1,1
"ASV860",1,1
"ASV861",1,1
"ASV862",1,1
"ASV863",1,1
"ASV864",1,1
"ASV866",NA,NA
"ASV867",1,1
"ASV868",NA,NA
"ASV869",NA,NA
"ASV87",1,1
"ASV870",1,1
"ASV871",1,1
"ASV872",1,1
"ASV873",1,1
"ASV874",1,1
"ASV875",1,1
"ASV876",1,1
"ASV877",1,1
"ASV878",1,1
"ASV879",1,1
"ASV88",1,1
"ASV880",1,1
"ASV883",1,1
"ASV884",NA,NA
"ASV886",1,1
"ASV888",1,1
"ASV889",1,1
"ASV890",1,1
"ASV891",1,1
"ASV892",1,1
"ASV893",NA,NA
"ASV894",1,1
"ASV895",1,1
"ASV896",1,1
"ASV897",1,1
"ASV898",1,1
"ASV899",1,1
"ASV90",1,1
"ASV902",1,1
"ASV903",1,1
"ASV904",1,1
"ASV905",1,1
"ASV907",1,1
"ASV908",NA,NA
"ASV909",1,1
"ASV91",1,1
"ASV910",1,1
"ASV912",NA,NA
"ASV913",1,1
"ASV915",NA,NA
"ASV916",NA,NA
"ASV917",1,1
"ASV918",1,1
"ASV919",1,1
"ASV920",1,1
"ASV921",1,1
"ASV922",1,1
"ASV923",1,1
"ASV924",1,1
"ASV927",1,1
"ASV928",1,1
"ASV929",1,1
"ASV93",1,1
"ASV930",1,1
"ASV931",1,1
"ASV932",1,1
"ASV934",1,1
"ASV935",1,1
"ASV936",1,1
"ASV937",NA,NA
"ASV938",1,1
"ASV939",1,1
"ASV94",1,1
"ASV940",1,1
"ASV941",1,1
"ASV945",1,1
"ASV946",1,1
"ASV947",1,1
"ASV948",1,1
"ASV95",NA,NA
"ASV950",1,1
"ASV951",1,1
"ASV953",1,1
"ASV955",1,1
"ASV956",1,1
"ASV957",1,1
"ASV958",1,1
"ASV959",1,1
"ASV96",1,1
"ASV960",1,1
"ASV961",1,1
"ASV962",1,1
"ASV963",1,1
"ASV965",1,1
"ASV966",NA,NA
"ASV967",1,1
"ASV969",1,1
"ASV970",1,1
"ASV971",1,1
"ASV972",1,1
"ASV973",NA,NA
"ASV975",1,1
"ASV977",1,1
"ASV979",1,1
"ASV980",NA,NA
"ASV981",1,1
"ASV982",NA,NA
"ASV983",1,1
"ASV984",NA,NA
"ASV985",1,1
"ASV986",NA,NA
"ASV987",1,1
"ASV989",1,1
"ASV990",1,1
"ASV991",1,1
"ASV994",1,1
"ASV995",1,1
"ASV997",1,1
"ASV998",1,1
